,predictions,Comment,Category,ClearText
0,Not_Toxic,–ü–ê–†–ê–®–ê –ó–Ü –°–ú–ê–ö–û–ú –°–û–õ–Ø–†–ö–ò ..–Ü –ì–£–ú–û–† –ù–ò–ñ–ß–ï –ü–õ–Ü–ù–¢–£–°–ê ..!!!,Toxic,–ø–∞—Ä–∞—à–∞ —Å–º–∞–∫ —Å–æ–ª—è—Ä–∫–∏ –≥—É–º–æ—Ä –ø–ª—ñ–Ω—Ç—É—Å–∞
1,Not_Toxic,–°–≤—ñ—Ç–ª–∞ –ø–∞–º'—è—Ç—å –†—É—Å–ª–∞–Ω—ñ –ü–∏—Å–∞–Ω–∫–∏,Not_Toxic,—Å–≤—ñ—Ç–ª–æ –ø–∞–º'—è—Ç—å –†—É—Å–ª–∞–Ω–∞ –ø–∏—Å–∞–Ω–∫–∞
2,Toxic,"–°–∫–ª–∞–¥–Ω–æ –º–µ–Ω—ñ –ø–æ–≤—ñ—Ä–∏—Ç–∏, —â–æ —â–æ—Å—å –∑–º—ñ–Ω–∏—Ç—å—Å—è",Toxic,—Å–∫–ª–∞–¥–Ω–æ –ø–æ–≤—ñ—Ä–∏—Ç–∏ —â–æ—Å—å –∑–º—ñ–Ω–∏—Ç–∏—Å—è
3,Toxic,"–°–µ—Ä—ë–∂–∞,—Ä–æ–∑–∫–∞–∂–∏ —è–∫ —Ç—ã –õ—é–¥–∏–Ω—É –Ω–æ–∂–æ–º –∑–∞—Ä—ñ–∑–∞–≤?",Toxic,—Å–µ—Ä—ë–∂–∞ —Ä–æ–∑–∫–∞–∑–∞—Ç–∏ –ª—é–¥–∏–Ω–∞ –Ω–æ–∂–æ–º –∑–∞—Ä—ñ–∑–∞—Ç–∏
4,Not_Toxic,–ö–æ–ª–∏ –°–∞–¥–æ–≤–∏–π —Ñ–∞—Å–∞–¥–∏ –ø–æ—Ä–µ–º–æ–Ω—Ç—É—î —Ç–∏—Ö –æ–±–¥–µ—Ä—Ç–∏—Ö –±—É–¥–∏–Ω–∫i–≤,Toxic,—Å–∞–¥–æ–≤–∏–π —Ñ–∞—Å–∞–¥ –ø–æ—Ä–µ–º–æ–Ω—Ç—É—î –æ–±–¥–µ—Ä—Ç–∏—Ö –±—É–¥–∏–Ω–∫i–≤
5,Not_Toxic,"–î—è–∫—É—é –∑–∞ —Ç–µ, —â–æ —Å—Ç–∞–ª–æ –±—ñ–ª—å—à–µ —á–æ–ª–æ–≤—ñ–∫—ñ–≤!!",Not_Toxic,—Å—Ç–∞—Ç–∏ —á–æ–ª–æ–≤—ñ–∫
6,Not_Toxic,–ï–º –º–∏ –≤–∞–±—â–µ—Ç–æ –≤–æ—é—î–º –∑ —Ä–æ—Å—ñ—î—é,Not_Toxic,–≤–∞–±—â–µ—Ç–æ –≤–æ—é–≤–∞—Ç–∏ —Ä–æ—Å—ñ—î—é
7,Toxic,"–ê –¥–µ, –º–æ—è –Ω–∞–π—É–ª—é–±–ª–µ–Ω—ñ—à–∞, —Ç–∞–∫–∞ –ø–æ–≤–Ω–∞ –∞–∫—Ç—Ä–∏—Å–∞?",Not_Toxic,–Ω–∞–π—É–ª—é–±–ª–µ–Ω—ñ—à–∞ –ø–æ–≤–Ω–∏–π –∞–∫—Ç—Ä–∏—Å–∞
8,Not_Toxic,–î—É–∂–µ –∫—É–º–µ–¥–Ω–µ –≤—ñ–¥–µ–æ  –Ø–∫ —ñ –∑–∞–≤–∂–¥–∏ ,Not_Toxic,–∫—É–º–µ–¥–Ω–∏–π –≤—ñ–¥–µ–æ
9,Toxic,"–ù–∞ —Ñ—Ä–æ–Ω—Ç –º–æ—Ä–¥–∞—Å—Ç—ñ–∫–∏!!!!!!...–ú–æ—Ä–¥–∏ –ø–æ–≤—ñ–¥–∂–µ—Ä–∞–ª–∏, —Å—É–∫–∏!!!",Toxic,—Ñ—Ä–æ–Ω—Ç –º–æ—Ä–¥–∞—Å—Ç—ñ–∫–∏ –º–æ—Ä–¥–∞ –ø–æ–≤—ñ–¥–∂–µ—Ä–∞–ª–∏ —Å—É–∫
10,Not_Toxic,"–ö–∞–ø–µ—Ü—å, –ü–æ–ª—Ç–∞–≤–∞ —Ü–µ –∑–∞—Ö—ñ–¥–Ω–∞ –£–∫—Ä–∞—ó–Ω–∞?",Toxic,–∫–∞–ø–µ—Ü—å –ü–æ–ª—Ç–∞–≤–∞ –∑–∞—Ö—ñ–¥–Ω–∏–π –£–∫—Ä–∞—ó–Ω–∞
11,Not_Toxic,"–¶–µ –∂ —è–∫—É —Ç—Ä–µ–±–∞ –º–∞—Ç–∏ —á–æ—Ä–Ω—É –¥—É—à—É, —â–æ–± –∂–∏—Ç–∏ —Å–µ—Ä–µ–¥ –ª—é–¥–µ–π —ñ –¥–æ–ø–æ–º–æ–≥–∞—Ç–∏ –≤–æ—Ä–æ–≥—É –∑–Ω–∏—â—É–≤–∞—Ç–∏ —Å–≤–æ—ó—Ö —Å–ø—ñ–≤–≥—Ä–æ–º–∞–¥—è–Ω!? –í–ò–†–û–î–ö–ò!!!",Toxic,—á–æ—Ä–Ω–∏–π –¥—É—à –∂–∏—Ç–∏ —Å–µ—Ä–µ–¥ –ª—é–¥–∏ –¥–æ–ø–æ–º–æ–≥–∞—Ç–∏ –≤–æ—Ä–æ–≥ –∑–Ω–∏—â—É–≤–∞—Ç–∏ —Å–ø—ñ–≤–≥—Ä–æ–º–∞–¥—è–Ω –≤–∏—Ä–æ–¥–∫–∏
12,Toxic,"–£–∫—Ä–∞—ó–Ω—Ü—ñ —Ö–≤–∞–ª—è—Ç—å —Ä–æ–∑—É–º–Ω—É –ª—é–¥–∏–Ω—É,–∞ —Ä—É—Å–∫–∞ –Ω–µ—á–∏—Å—Ç—å –æ–±—Å–∏—Ä–∞—î.–¢—è–∂–∫–æ –∑–æ–º–±—ñ–∫–∞–º –≤–∑—è—Ç–∏ –ø—Ä–∞–≤–¥—É –¥–æ –≥–æ–ª–æ–≤–∏.",Toxic,—É–∫—Ä–∞—ó–Ω–µ—Ü—å —Ö–≤–∞–ª–∏—Ç–∏ —Ä–æ–∑—É–º–Ω–∏–π –ª—é–¥–∏–Ω–∞ —Ä—É—Å–∫–∞ –Ω–µ—á–∏—Å—Ç—å –æ–±—Å–∏—Ä–∞—î —Ç—è–∂–∫–æ –∑–æ–º–±—ñ–∫–∞–º –≤–∑—è—Ç–∏ –ø—Ä–∞–≤–¥–∞ –≥–æ–ª–æ–≤–∞
13,Toxic,–•–∞–π –∂–∏–≤–µ –•–∞–π–º–∞—Ä—Å —Ç–∞ —Ü–≤—ñ—Ç–µ –±–∞–≤–æ–≤–Ω–∞!!!,Not_Toxic,–∂–∏–≤–∏–π —Ö–∞–π–º–∞—Ä—Å —Ü–≤—ñ—Ç –±–∞–≤–æ–≤–Ω–∞
14,Not_Toxic,"–ù–æ –∫–≤–∞—Ä—Ç–∞–ª —Ä–æ–∑—á–∞—Ä—É–≤–∞–≤, —Å—É–º–Ω–æ",Toxic,–∫–≤–∞—Ä—Ç–∞–ª —Ä–æ–∑—á–∞—Ä—É–≤–∞–≤ —Å—É–º–Ω–æ
15,Not_Toxic,–ù–∞–π–∫—Ä–∞—â–∞ –ø—ñ–¥–±—ñ—Ä–∫–∞ –ø—ñ—Å–µ–Ω—å. –°–∫—Ä—è–±—ñ–Ω ,Not_Toxic,–Ω–∞–π–∫—Ä–∞—â–∏–π –ø—ñ–¥–±—ñ—Ä–∫–∞ –ø—ñ—Å–Ω—è —Å–∫—Ä—è–±—ñ–Ω
16,Not_Toxic,"–í–∞—à–µ —à–æ—É —Ü–µ –æ–¥–Ω–∞ –∑ –Ω–∞–π–∫—Ä–∞—â–∏—Ö –ø–æ–¥—ñ–π —è–∫–∞ —Ç—Ä–∞–ø–∏–ª–∞—Å—è –∑ —É–∫—Ä–∞—ó–Ω—Å—å–∫–∏–º YouTube,–∞ —Ç–µ–ø–µ—Ä —â–µ –π –Ω–∞ –¢–ë)",Not_Toxic,–æ–¥–µ–Ω –Ω–∞–π–∫—Ä–∞—â–∏–π –ø–æ–¥—ñ—è —Ç—Ä–∞–ø–∏—Ç–∏—Å—è —É–∫—Ä–∞—ó–Ω—Å—å–∫–∏–π youtube
17,Not_Toxic,"–í–∏—Ö–æ–¥–∏—Ç—å, —â–æ –Ω–∞–≤—ñ—Ç—å –∫–∞–∑–∞—Ö–∏ —á–º–æ–Ω—è—é—Ç—å —Å–∞–±—É—Ä–æ–≤–∞? –ö–µ–∫)",Toxic,–≤–∏—Ö–æ–¥–∏—Ç–∏ –∫–∞–∑–∞—Ö–∏ —á–º–æ–Ω—è—é—Ç—å —Å–∞–±—É—Ä–æ–≤–∞
18,Not_Toxic,–ú–û–õ–û–î–¶–Ü... –≤–∏—è–≤–ª—è—î—Ç—å—Å—è –í–°–Ü –ú–û–ñ–£–¢–¨ –≥–æ–≤–æ—Ä–∏—Ç–∏ –ù–ê –£–ö–†–ê–á–ù–Ü —É–∫—Ä–∞—ó–Ω—Å—å–∫–æ—é... –°–ü–ê–°–ò–ë–Ü... ,Not_Toxic,–º–æ–ª–æ–¥–µ—Ü—å –≤–∏—è–≤–ª—è—Ç–∏—Å—è –≥–æ–≤–æ—Ä–∏—Ç–∏ –£–∫—Ä–∞—ó–Ω–∞ —É–∫—Ä–∞—ó–Ω—Å—å–∫–∏–π
19,Not_Toxic,—è–∫ –º–æ–∂–Ω–∞ –≥–æ–≤–æ—Ä–∏—Ç–∏ –ø—Ä–æ —É–∫—Ä–∞—ó–Ω—Å—å–∫—ñ —Ç—Ä–∞–¥–∏—Ü—ñ—ó –Ω–∞ —á—É–∂—ñ–π –º–æ–≤—ñ?,Toxic,–≥–æ–≤–æ—Ä–∏—Ç–∏ —É–∫—Ä–∞—ó–Ω—Å—å–∫–∏–π —Ç—Ä–∞–¥–∏—Ü—ñ—è —á—É–∂–∏–π –º–æ–≤–∞
20,Not_Toxic,"–ß—É–¥–æ–≤–∏–π, —è–∫—ñ—Å–Ω–∏–π —ñ –¥—É–∂–µ —Ü—ñ–∫–∞–≤–∏ –ø—Ä–æ–¥—É–∫—Ç! –î—è–∫—É—é –≤–∞–º",Not_Toxic,—á—É–¥–æ–≤–∏–π —è–∫—ñ—Å–Ω–∏–π —Ü—ñ–∫–∞–≤–∏ –ø—Ä–æ–¥—É–∫—Ç
21,Not_Toxic,–¥–∞—Ä–µ–º–Ω–æ —è –≤–∏—Ä—ñ—à–∏–≤ –ø–æ—ó—Å—Ç–∏ –≤–∑—è—Ç–∏ –Ω–∞ —Ç—ñ–∫ –æ—Ä–∫...,Not_Toxic,–¥–∞—Ä–µ–º–Ω–æ –≤–∏—Ä—ñ—à–∏—Ç–∏ –ø–æ—ó—Å—Ç–∏ –≤–∑—è—Ç–∏
22,Not_Toxic,"–ü–µ—Ä–µ–ø—Ä–æ—à—É—é, –∞ –Ω–µ –º–∞–ª–æ —Ç—Ä–µ—Ç—å–æ–≥–æ —Ä–∞—É–Ω–¥—É? –ú–æ–∂–µ —Ö–æ—á –ø–æ 3 —Å–ª–æ–≤–∞ —Ç—Ä–µ–±–∞?) —Ü–µ –Ω–µ–∫–æ—Ä–∫–µ—Ç–Ω–æ —ñ –Ω–µ–ø—Ä–∞–≤–∏–ª—å–Ω–æ",Toxic,–ø–µ—Ä–µ–ø—Ä–æ—à—É–≤–∞—Ç–∏ —Ç—Ä–µ—Ç—ñ–π —Ä–∞—É–Ω–¥—É —Å–ª–æ–≤–æ –Ω–µ–∫–æ—Ä–∫–µ—Ç–Ω–æ –Ω–µ–ø—Ä–∞–≤–∏–ª—å–Ω–æ
23,Not_Toxic,"–ü–∏—à—É ""—â–æ—Å—å —Ç–∞–∫–µ"" —â–æ–± –æ—Ç—Ä–∏–º–∞—Ç–∏ —Ñ—É—Ç–±–æ–ª–∫—É)",Not_Toxic,–ø–∏—Å–∞—Ç–∏ —â–æ—Å—å –æ—Ç—Ä–∏–º–∞—Ç–∏ —Ñ—É—Ç–±–æ–ª–∫—É
24,Not_Toxic,"–î—ñ–≤—á–∞—Ç–∞ –¥—è–∫—É—î–º–æ –∑–∞ –µ—Ñ—ñ—Ä.–ë–µ—Ä–µ–∂—ñ—Ç—å —Å–µ–±–µ,–∑–¥–æ—Ä–æ–≤'—è.",Not_Toxic,–¥—ñ–≤—á–∞ –¥—è–∫—É–≤–∞—Ç–∏ –µ—Ñ—ñ—Ä –±–µ—Ä–µ–≥—Ç–∏ –∑–¥–æ—Ä–æ–≤'—è
25,Not_Toxic,"–ù–∞–¥–∑–≤–∏—á–∞–π–Ω–æ —Ä–∞–¥–∞ –±–∞—á–∏—Ç–∏ —Ç–∞–∫—É –∫—ñ–ª—å–∫—ñ—Å—Ç—å –≥–ª—è–¥–∞—á—ñ–≤!

–Ø —Å—Ç–≤–æ—Ä–∏–ª–∞ —Å—Ç–æ—Ä—ñ–Ω–∫—É –Ω–∞ –ü–∞—Ç—Ä–µ–æ–Ω—ñ, –¥–µ –∫–æ–ø—ñ–π–∫–æ—é –º–æ–∂–Ω–∞ –ø—ñ–¥—Ç—Ä–∏–º–∞—Ç–∏ –º–æ—é –¥—ñ—è–ª—å–Ω—ñ—Å—Ç—å —Ç–∞ —Å—Ç–≤–æ—Ä–µ–Ω–Ω—è –Ω–æ–≤–∏—Ö –≤–∏–ø—É—Å–∫—ñ–≤, –ø—Ä–∏—î–¥–Ω—É–π—Ç–µ—Å—å!
",Not_Toxic,–Ω–∞–¥–∑–≤–∏—á–∞–π–Ω–æ —Ä–∞–¥–∏–π –±–∞—á–∏—Ç–∏ —Ç–∞–∫–∞ –∫—ñ–ª—å–∫—ñ—Å—Ç—å –≥–ª—è–¥–∞—á —Å—Ç–≤–æ—Ä–∏—Ç–∏ —Å—Ç–æ—Ä—ñ–Ω–∫–∞ –ø–∞—Ç—Ä–µ–æ–Ω—ñ –∫–æ–ø—ñ–π–∫–∞ –ø—ñ–¥—Ç—Ä–∏–º–∞—Ç–∏ –¥—ñ—è–ª—å–Ω—ñ—Å—Ç—å —Å—Ç–≤–æ—Ä–µ–Ω–Ω—è –Ω–æ–≤–∏–π –≤–∏–ø—É—Å–∫ –ø—Ä–∏—î–¥–Ω—É–≤–∞—Ç–∏—Å—è
26,Not_Toxic,"–®–æ—É –Ω–µ–ø–æ–≥–∞–Ω–µ. –ê–ª–µ. –ê–ª–µ —è–∫—â–æ —Ü–µ –ø—Ä–æ –º–æ–≤—É, —Ç–æ —á–∏ –Ω–µ –≤–∞—Ä—Ç–æ –π –∑–∞–≥–æ–ª–æ–≤–∫–∏ –ø–∏—Å–∞—Ç–∏ –ø—Ä–∞–≤–∏–ª—å–Ω–æ: ""...–ø—Ä–æ—Ç–∏ –®–µ–≤—á–µ–Ω–∫–ê"" –∂.",Not_Toxic,–Ω–µ–ø–æ–≥–∞–Ω–∏–π –º–æ–≤–∞ –≤–∞—Ä—Ç–∞ –∑–∞–≥–æ–ª–æ–≤–æ–∫ –ø–∏—Å–∞—Ç–∏ –ø—Ä–∞–≤–∏–ª—å–Ω–æ –®–µ–≤—á–µ–Ω–∫–æ
27,Not_Toxic,"–∞ —á–æ–≥–æ —á–∏—Ç–∞—î—Ç–µ –Ω–∞ —Ä–æ—Å—ñ–π—Å—å–∫—ñ–π —Ç–æ, –º–æ–≥–ª–∏ –± —ñ –Ω–∞ —É–∫—Ä–∞—ó–Ω—Å—å–∫—ñ–π –ø–æ—á–∏—Ç–∞—Ç–∏",Toxic,—á–∏—Ç–∞—Ç–∏ —Ä–æ—Å—ñ–π—Å—å–∫—ñ–π –º–æ–≥—Ç–∏ —É–∫—Ä–∞—ó–Ω—Å—å–∫–∏–π –ø–æ—á–∏—Ç–∞—Ç–∏
28,Toxic,"–†–µ—à–µ—Ç–Ω—ñ–∫ –ø—Ä–æ—Ç–∏ –®–µ–≤—á–µ–Ω–∫–ê, –±–æ –í–ª–∞–¥ - —á–æ–ª–æ–≤—ñ–∫, –∞ –Ω–µ –∂—ñ–Ω–∫–∞. –ü—Ä–æ—Ç–∏ –®–µ–≤—á–Ω–∫–û, —è–∫—â–æ —Ü–µ –ø—Ä—ñ–∑–≤–∏—â–µ –º–∞—î –∂—ñ–Ω–∫–∞.",Not_Toxic,—Ä–µ—à–µ—Ç–Ω—ñ–∫ –®–µ–≤—á–µ–Ω–∫–æ –≤–ª–∞–¥–∞ —á–æ–ª–æ–≤—ñ–∫ –∂—ñ–Ω–∫–∞ —à–µ–≤—á–Ω–∫–æ –ø—Ä—ñ–∑–≤–∏—â–µ –∂—ñ–Ω–∫–∞
29,Not_Toxic,–ù—É –≤–æ—Ç –∫—É–¥–∞ —Ç–∞–∫–∏–µ –ø–ª–æ–¥—è—Ç—Å—è?,Toxic,–∫—É–¥–∞ —Ç–∞–∫–∏–µ –ø–ª–æ–¥—è—Ç—Å—è
30,Not_Toxic,"–î
–õ–∞–π–∫ –ø–æ—Å—Ç–∞–≤–∏–≤, –∫–æ–º–µ—Ç–∞—Ä—ñ–π –Ω–∞–ø–∏—Å–∞–≤ —Ñ—É—Ç–±–æ–ª–∫—É –æ–¥–µ—Ä–∂–∞–≤. –ñ–∏—Ç—Ç—è –≤–¥–∞–ª–æ—Å—å!",Not_Toxic,"–¥
–ª–∞–π–∫ –ø–æ—Å—Ç–∞–≤–∏—Ç–∏ –∫–æ–º–µ—Ç–∞—Ä—ñ–π –Ω–∞–ø–∏—Å–∞—Ç–∏ —Ñ—É—Ç–±–æ–ª–∫—É –æ–¥–µ—Ä–∂–∞—Ç–∏ –≤–¥–∞—Ç–∏—Å—è"
31,Not_Toxic,–Ø–∫—â–æ —î –∫–∞–ø—ñ—Ç–∞–ª —ñ —Ç–∞—Ç–æ —Ñ–µ—Ä–º–µ—Ä —Ç–æ –∑–≤–∏—á–∞–π–Ω–æ –º–æ–∂–Ω–∞ –∂–∏—Ç–∏ –≤ —Å–µ–ª—ñ —ñ —Ä–æ–±–∏—Ç–∏ –ª—é–±–∏–º—É —Å–ø—Ä–∞–≤—É.,Toxic,–∫–∞–ø—ñ—Ç–∞–ª —Ç–∞—Ç–æ —Ñ–µ—Ä–º–µ—Ä –∂–∏—Ç–∏ —Å–µ–ª–æ —Ä–æ–±–∏—Ç–∏ –ª—é–±–∏–º—É —Å–ø—Ä–∞–≤–∞
32,Not_Toxic,"–†–µ–∫–æ–º–µ–Ω–¥—É—é –∫–Ω–∏–≥—É:–ú–ò–†–£ –ù–£–ñ–ï–ù –û–¢–ï–¶...,–∫–Ω–∏–≥–∞ –õ–Æ–ë–û–í–¨ –ò –£–í–ê–ñ–ï–ù–ò–ï.,—á–∏—Ç–∞–π—Ç–µ...–≤–∞—à–∏ –æ—Ç–Ω–æ—à–µ–Ω–∏—è –±—É–¥—É—Ç —Ä–∞—Å—Ç–∏. –Ñ—Ç–∏ –∫–Ω–∏–≥–∏ –æ—á–µ–Ω—å –∏–Ω—Ç–µ—Ä–µ—Å–Ω—ã",Not_Toxic,—Ä–µ–∫–æ–º–µ–Ω–¥—É–≤–∞—Ç–∏ –∫–Ω–∏–≥–∞ –Ω—É–∂–µ–Ω –æ—Ç–µ—Ü –∫–Ω–∏–≥–∞ –ª—é–±–æ–≤—å —É–≤–∞–∂–µ–Ω–∏–µ —á–∏—Ç–∞—Ç–∏ –≤–∞—à–∏ –æ—Ç–Ω–æ—à–µ–Ω–∏—è –±—É–¥—É—Ç —Ä–∞—Å—Ç–∏ –∫–Ω–∏–≥–∞ –æ—á–µ–Ω—å –∏–Ω—Ç–µ—Ä–µ—Å–Ω—ã
33,Not_Toxic,–î–µ—Ä–µ–≤'—è–Ω–∞ –±—Ä—É–∫—ñ–≤–∫–∞ —î —â–µ –≤ —Ç—Ä–∞–º–≤–∞–π–Ω–æ–º—É –¥–µ–ø–æ –Ω–∞ –°–∞—Ö–∞—Ä–æ–≤—ñ–π.,Not_Toxic,–¥–µ—Ä–µ–≤'—è–Ω–∏–π –±—Ä—É–∫—ñ–≤–∫–∞ —Ç—Ä–∞–º–≤–∞–π–Ω–æ–º—É –¥–µ–ø–æ —Å–∞—Ö–∞—Ä–æ–≤—ñ–π
34,Toxic,"–í—Å–µ, —â–æ –≥–∞—Ä–Ω–µ —É –õ—å–≤–æ–≤—ñ, –∑–±—É–¥—É–≤–∞–ª–∏ –ø–æ–ª—è–∫–∏!",Toxic,–≥–∞—Ä–Ω–∏–π –õ—å–≤—ñ–≤ –∑–±—É–¥—É–≤–∞—Ç–∏ –ø–æ–ª—è–∫
35,Not_Toxic,"–º–º–º–º–º–º–º–º–º –±—É–ª—å–π–æ–Ω—É
—ñ –≤—Å–µ —Ä–æ–±–∏—Ç—å –æ–¥–Ω—ñ—î—é –≥—É–±–∫–æ—é –º–º —è–º—ñ —è–º—ñ",Toxic,"–º–º–º–º–º–º–º–º–º –±—É–ª—å–π–æ–Ω—É
—ñ —Ä–æ–±–∏—Ç–∏ –æ–¥–∏–Ω –≥—É–±–∫–∞"
36,Not_Toxic,"–≤ –æ–¥–Ω—ñ–π –∑ –ø–µ—Ä–µ–¥–∞—á –≤–∏ —Å–∫–∞–∑–∞–ª–∏ —Ç–æ—á–Ω–æ –¥–µ –∑–Ω–∞—Ö–æ–¥–∏—Ç—å—Å—è –ü–ü–û, –≤–∏ –Ω–µ –¥—É–º–∞–ª–∏, —â–æ —Ç–∞–º –∂–∏–≤—É—Ç—å –ª—é–¥–∏, –Ω–µ —Ä–æ–±—ñ—Ç—å —Ü—å–æ–≥–æ, —è–∫ –∑–∞—Ä–∞–∑ –Ω–∞–∑–≤–∞–π—Ç–µ –º—ñ—Å—Ç–æ ",Toxic,–æ–¥–µ–Ω –ø–µ—Ä–µ–¥–∞—á–∞ —Å–∫–∞–∑–∞—Ç–∏ —Ç–æ—á–Ω–æ –∑–Ω–∞—Ö–æ–¥–∏—Ç–∏—Å—è –¥—É–º–∞—Ç–∏ –∂–∏—Ç–∏ —Ä–æ–±–∏—Ç–∏ –Ω–∞–∑–≤–∞–π—Ç–µ –º—ñ—Å—Ç–æ
37,Toxic,–ù–∞ —á–∞—Å—ñ —É –Ω–∞—Å –≤—ñ–π–Ω–∞ –∞ –≤–∏ —è–∫—É—Å—å —É–π–Ω—é –ø–æ–∫–∞–∑—É—î—Ç–µ –ø—ñ–ø–µ—Ü,Toxic,—á–∞—Å –≤—ñ–π–Ω–∞ —è–∫–∏–π—Å—å —É–π–Ω—é –ø–æ–∫–∞–∑—É–≤–∞—Ç–∏ –ø—ñ–ø–µ—Ü
38,Not_Toxic,"–ö–∞—Ç—é, –≤ —Å—å–æ–≥–æ–¥–Ω—ñ—à–Ω—å–æ–º—É –≤—ñ–¥–µ–æ –æ—Å–æ–±–ª–∏–≤–æ —á–∞—Ä—ñ–≤–Ω–æ –≤–∏–≥–ª—è–¥–∞—î—Ç–µ, –¥—É–∂–µ —Å—Ç–∏–ª—å–Ω–æ!",Not_Toxic,–∫–∞—Ç—é —Å—å–æ–≥–æ–¥–Ω—ñ—à–Ω—ñ–π –≤—ñ–¥–µ–æ —á–∞—Ä—ñ–≤–Ω–æ –≤–∏–≥–ª—è–¥–∞—Ç–∏ —Å—Ç–∏–ª—å–Ω–æ
39,Toxic,"–û–¥–Ω–æ–∑–Ω–∞—á–Ω–æ,–≤—Å—ñ–º —É–∫—Ä–∞—ó–Ω—Ü—è–º,—Ç—Ä–µ–±–∞ –¥–∏–≤–∏—Ç–∏—Å—è –°—Ç–µ—Ä–Ω–µ–Ω–∫–æ —ñ –ø–æ–∫–∞–∑—É–≤–∞—Ç–∏ —à–æ—É –°–æ–ª–æ–≤–π–æ–≤–∞, —Å–∫–∞–±—î—î—î–≤–æ–π,—â–æ–± —É–∫—Ä–∞—ó–Ω—Ü—ñ —Ç—ñ ,—â–æ –ª—é–±–ª—è—Ç—å —Ä—É—Å—å–∫–∏–π –º—ñ—Ä,–ø–æ—á—É–ª–∏ —ñ –ø–æ–±–∞—á–∏–ª–∏,—è–∫ —ó—Ö"" –ª—é–±–ª—è—Ç—å"" –Ω–∞ —Ä–∞—Å—î—ó, –∞ —Å–≤—ñ–¥–æ–º–∏–º —É–∫—Ä–∞—ó–Ω—Ü—è–º,—â–æ–± –Ω–µ –∑–∞–±—É–≤–∞–ª–∏,—â–æ —É–∑—å–∫—ñ —Å–≤–æ–ª–æ—Ç–∞ —â–µ —Ç–∞.",Toxic,–æ–¥–Ω–æ–∑–Ω–∞—á–Ω–æ —É–∫—Ä–∞—ó–Ω–µ—Ü—å –¥–∏–≤–∏—Ç–∏—Å—è —Å—Ç–µ—Ä–Ω–µ–Ω–∫–æ –ø–æ–∫–∞–∑—É–≤–∞—Ç–∏ –°–æ–ª–æ–≤–π–æ–≤ —Å–∫–∞–±—î—î—î–≤–æ–π —É–∫—Ä–∞—ó–Ω–µ—Ü—å –ª—é–±–∏—Ç–∏ —Ä—É—Å—å–∫–∏–π –ø–æ—á—É—Ç–∏ –ø–æ–±–∞—á–∏—Ç–∏ –ª—é–±–∏—Ç–∏ —Ä–∞—Å—î—ó —Å–≤—ñ–¥–æ–º–∏–π —É–∫—Ä–∞—ó–Ω–µ—Ü—å –∑–∞–±—É–≤–∞—Ç–∏ —É–∑—å–∫—ñ —Å–≤–æ–ª–æ—Ç–∞
40,Not_Toxic,"–£ –õ—å–≤–æ–≤—ñ —î –¢–∞—É—Ä—É—Å —Å—ñ—Ç—ñ –≥–æ—Ç–µ–ª—å –∑—ñ —Å—Ç—ñ–∫–ª–∞, –≤—ñ–¥ –±–ª–∏–∑—å–∫–æ –±—ñ–ª—è –≤–æ–∫–∑–∞–ª—É —ñ —Ç–∞–º –∂–µ —î –∫–ª–∞–¥–æ–≤–∏—â–µ –Ω–µ–ø–æ–¥–∞–ª—ñ–∫. –¢—Ä–∏–∫—É—Ç–Ω–∏–∫–æ–º –ª—è–≥–∞—î. –í–æ–∫–∑–∞–ª, –∫–ª–∞–¥–æ–≤–∏—â–µ, –¢–∞—É—Ä—É—Å —Å—ñ—Ç—ñ –≥–æ—Ç–µ–ª—å - —Ç—Ä–∏–∫—É—Ç–Ω–∏–∫.",Not_Toxic,–õ—å–≤—ñ–≤ —Ç–∞—É—Ä—É—Å —Å—ñ—Ç—ñ –≥–æ—Ç–µ–ª—å —Å—Ç—ñ–∫–ª–∞ –±—ñ–ª—è –≤–æ–∫–∑–∞–ª –∫–ª–∞–¥–æ–≤–∏—â–µ –Ω–µ–ø–æ–¥–∞–ª—ñ–∫ —Ç—Ä–∏–∫—É—Ç–Ω–∏–∫ –ª—è–≥–∞—Ç–∏ –≤–æ–∫–∑–∞–ª –∫–ª–∞–¥–æ–≤–∏—â–µ —Ç–∞—É—Ä—É—Å —Å—ñ—Ç—ñ –≥–æ—Ç–µ–ª—å —Ç—Ä–∏–∫—É—Ç–Ω–∏–∫
41,Not_Toxic,–∂–∏—Ä–Ω–∞ –ø—Ä–æ–≥—Ä–∞–ª–∞ —Ñ—ñ–Ω–∞–ª .... –¥–≤–∞ —Ä–∞–∑–∏ –∑–Ω–∞–ª–∞,Toxic,–∂–∏—Ä–Ω–∏–π –ø—Ä–æ–≥—Ä–∞—Ç–∏ —Ñ—ñ–Ω–∞–ª —Ä–∞–∑ –∑–Ω–∞—Ç–∏
42,Toxic,"–ë–ª—è –º–Ω–µ –æ–¥–Ω–æ–º—É –∫–∞–∂–µ—Ç—Å—è —á—Ç–æ —É –Ω–∞—Å –ø—Ä–æ–ø–∞–≥–∞–Ω–¥–∞ —Ç–æ–∂–µ —Ä–∞–±–æ—Ç–∞–µ—Ç –Ω–∞ –≤—Å–µ 100%–≤—Å–µ –ø–∏–∑–¥—è—Ç —á—Ç–æ —Ä–∞—à–∫–µ –ø–∏–∑–¥–µ—Ü —á—Ç–æ —É –Ω–∏—Ö —Ç–∞–º –∂–∞—Ä–∞ ,–∞ –º–Ω–µ –∫–∞–∂–µ—Ç—Å—è —á—Ç–æ –Ω–∞–º –æ—á–µ–Ω—å –ø–ª–æ—Ö–æ —á—Ç–æ —É –Ω–∞—Å –∫—É—á–∞ –ø—Ä–æ–±–ª–µ–º .",Toxic,–æ–¥–µ–Ω –∫–∞–∂–µ—Ç—Å—è –ø—Ä–æ–ø–∞–≥–∞–Ω–¥–∞ —Ç–æ–∂–µ —Ä–∞–±–æ—Ç–∞–µ—Ç –ø–∏–∑–¥—è—Ç —Ä–∞—à–∫–µ –ø–∏–∑–¥–µ—Ü –∂–∞—Ä–∞ –∫–∞–∂–µ—Ç—Å—è –æ—á–µ–Ω—å –ø–ª–æ—Ö–æ –∫—É—á–∞ –ø—Ä–æ–±–ª–µ–º–∞
43,Not_Toxic,–Ø–∫ –ø—Ä–∏—î–º–Ω–æ –±–∞—á–∏—Ç–∏ —É–∫—Ä–∞—ó–Ω–æ–º–æ–≤–Ω—É —Å—ñ–º—é —É—Å–ø—ñ—à–Ω–∏—Ö —ñ –ø–æ–ø—É–ª—è—Ä–Ω–∏—Ö –ª—é–¥–µ–πü•∞,Not_Toxic,–ø—Ä–∏—î–º–Ω–æ –±–∞—á–∏—Ç–∏ —É–∫—Ä–∞—ó–Ω–æ–º–æ–≤–Ω–∏–π —Å—ñ–º—é —É—Å–ø—ñ—à–Ω–∏–π –ø–æ–ø—É–ª—è—Ä–Ω–∏–π –ª—é–¥–µ–πü•∞
44,Not_Toxic,"–õ—é–¥–º–∏–ª–∞ —Ç–∞–∫–∞ —Ä–æ–∑—É–º–Ω–∞,—â–æ —ó–π —ñ —Ç–∞—Ä–æ –Ω–µ –ø–æ—Ç—Ä—ñ–±–Ω–æ —â–æ –≤–∏ –∑–±–∏—Ä–∞—î—Ç–µ –º–ª–∏–Ω–∏ –ø—É—Å—Ç—ñ",Not_Toxic,–õ—é–¥–º–∏–ª–∞ —Ä–æ–∑—É–º–Ω–∏–π —Ç–∞—Ä–æ –∑–±–∏—Ä–∞—Ç–∏ –º–ª–∏–Ω –ø—É—Å—Ç–∏–π
45,Not_Toxic,–í—Å–µ –¥–æ–±—Ä–µ . –ê–ª–µ –Ω–∞–≤—ñ—â–æ –¥—ñ–≤—á–∏–Ω—Ü—ñ –≤—ñ–≥–≤–∞–º.,Not_Toxic,–¥—ñ–≤—á–∏–Ω–∫–∞ –≤—ñ–≥–≤–∞–º
46,Not_Toxic,"–ö—Ä–∞—ó–Ω–∞ –º–æ–≥–ª–∞ –∂–∏—Ç–∏ —á—É–¥–æ–≤–æ —ñ –±–∞–≥–∞—Ç–æ, —è–∫—â–æ –±—ñ –Ω–µ —Å–ø—Ä—è–º–æ–≤—É–≤–∞–ª–∏ —Å–≤–æ—ó —Ä–µ—Å—É—Ä—Å–∏ –Ω–∞ –≤—ñ–π–Ω—É, –∞ –Ω–∞ —Ä–æ–∑–≤–∏—Ç–æ–∫ —ñ –Ω–∞ –∂–∏—Ç—Ç—è.",Toxic,–∫—Ä–∞—ó–Ω–∞ –º–æ–≥—Ç–∏ –∂–∏—Ç–∏ —Å–ø—Ä—è–º–æ–≤—É–≤–∞—Ç–∏ —Ä–µ—Å—É—Ä—Å –≤—ñ–π–Ω–∞ —Ä–æ–∑–≤–∏—Ç–æ–∫
47,Not_Toxic,"–î—É–∂–µ –∫—Ä–∞—Å–∏–≤–∞ –∂—ñ–Ω–∫–∞, —â–∞—Å—Ç—è –≤–∞–º —Ç–∞ –≤–∞—à—ñ–π —Ä–æ–¥–∏–Ω—ñ!",Not_Toxic,–∫—Ä–∞—Å–∏–≤–∏–π –∂—ñ–Ω–∫–∞ —â–∞—Å—Ç—è –≤–∞—à —Ä–æ–¥–∏–Ω–∞
48,Not_Toxic,–í–∏ –Ω–∞–π–∫—Ä–∞—â—ñ —á–µ–∫–∞—é –ø—Ä–æ–¥–æ–≤–∂–µ–Ω–Ω—è,Not_Toxic,–Ω–∞–π–∫—Ä–∞—â–∏–π —á–µ–∫–∞—Ç–∏ –ø—Ä–æ–¥–æ–≤–∂–µ–Ω–Ω—è
49,Toxic,–Ω–µ–º–æ–∂–ª–∏–≤–æ –Ω–∞—Å–æ–ª–æ–¥–∂—É–≤–∞—Ç–∏—Å—å –ø–µ—Ä–µ—à–∫–∞–¥–∂–∞—é—Ç—å —Ç–∏—Ç—Ä–∏,Toxic,–Ω–µ–º–æ–∂–ª–∏–≤–æ –Ω–∞—Å–æ–ª–æ–¥–∂—É–≤–∞—Ç–∏—Å—è –ø–µ—Ä–µ—à–∫–∞–¥–∂–∞—é—Ç—å —Ç–∏—Ç—Ä–∏
50,Not_Toxic,–°–ª–∞–≤–∞ –£–∫—Ä–∞—ó–Ω—ñ! –ë—Ä–∞–≤–æ –û–ª–µ–∫—Å—ñ—é –î—É—Ä–Ω—î–≤—É —Ç–∞ –≤—Å—ñ–π –∫–æ–º–∞–Ω–¥—ñ! –î—É–∂–µ –ø–æ—Ç—Ä—ñ–±–Ω—ñ –∑–∞—Ä–∞–∑ —Ç–∞–∫—ñ –≤–∏–ø—É—Å–∫–∏,Not_Toxic,—Å–ª–∞–≤–∞ –£–∫—Ä–∞—ó–Ω–∞ –±—Ä–∞–≤–æ –û–ª–µ–∫—Å—ñ–π –¥—É—Ä–Ω—î–≤—É –≤–µ—Å—å –∫–æ–º–∞–Ω–¥–∞ –ø–æ—Ç—Ä—ñ–±–Ω–∏–π –≤–∏–ø—É—Å–∫
51,Not_Toxic,–î—É–∂–µ –ø—Ä–∏—î–º–Ω–∞ –¥—ñ–≤—á–∏–Ω–∞! –ë–∞—Ç—å–∫–∏ —á—É–¥–æ–≤—ñ. –í –∫—ñ–Ω—Ü—ñ —Ç–∞–∫ –Ω—ñ–∂–Ω–æ —ñ —Ç—Ä–µ–ø–µ—Ç–Ω–æ –∑—É—Å—Ç—Ä–∞—á–∞–ª–∏ –¥–æ–Ω—å–∫—É. –î—É–∂–µ –ø—Ä–∏—î–º–Ω–∞ —Ä–æ–¥–∏–Ω–∞!!! –©–∞—Å—Ç—è —ó–º!,Not_Toxic,–ø—Ä–∏—î–º–Ω–∏–π –¥—ñ–≤—á–∏–Ω–∞ –±–∞—Ç—å–∫–æ —á—É–¥–æ –∫—ñ–Ω–µ—Ü—å –Ω—ñ–∂–Ω–æ —Ç—Ä–µ–ø–µ—Ç–Ω–æ –∑—É—Å—Ç—Ä–∞—á–∞–ª–∏ –¥–æ–Ω—å–∫–∞ –ø—Ä–∏—î–º–Ω–∏–π —Ä–æ–¥–∏–Ω–∞ —â–∞—Å—Ç—è
52,Not_Toxic,"–ù–µ –º–æ–∂–µ –±—É—Ç–∏ –≤–¥–∞—á–∞ —Å–∫–ª–∞–¥–Ω–∞ —á–∏ –ª–µ–≥–∫–∞. –í–¥–∞—á–∞ –º–æ–∂–µ –±—É—Ç–∏ –≤–µ—Å–µ–ª–∞, —Å—É–º–Ω–∞, –≥–æ—Ä–¥–∞, –∑–ª–∞, —â–µ–¥—Ä–∞, –Ω–µ–≤–≥–∞–º–æ–≤–Ω–∞, —ñ —Ç–¥",Not_Toxic,–≤–¥–∞—á–∞ —Å–∫–ª–∞–¥–Ω–∏–π –ª–µ–≥–∫–∏–π –≤–¥–∞—á–∞ –≤–µ—Å–µ–ª–∏–π —Å—É–º–Ω–∏–π –≥–æ—Ä–¥–∏–π —â–µ–¥—Ä–∏–π –Ω–µ–≤–≥–∞–º–æ–≤–Ω–∞
53,Not_Toxic,"–Ø–∫—â–æ –≤–¥–∞—á–∞ —Ü–µ —Ö–∞—Ä–∞–∫—Ç–µ—Ä, —Ç–æ —è–∫ —Ç–æ–¥—ñ –±—É—Ç–∏ –∑ –í–¥–∞–ª–∏–º –¥–Ω–µ–º?",Not_Toxic,–≤–¥–∞—á–∞ —Ö–∞—Ä–∞–∫—Ç–µ—Ä –≤–¥–∞–ª–∏–π –¥–µ–Ω—å
54,Not_Toxic,"–≥–∞—Ä–Ω–∞ –¥—ñ–≤—á–∏–Ω–∞, –°–ª–∞–≤–∞ –ë–æ–≥—É, —â–æ –≤ –Ω–µ—ó –∂–∏–≤—ñ –±–∞—Ç—å–∫–∏!",Not_Toxic,–≥–∞—Ä–Ω–∏–π –¥—ñ–≤—á–∏–Ω–∞ —Å–ª–∞–≤–∞ –±–æ–≥ –∂–∏–≤–∏–π –±–∞—Ç—å–∫–æ
55,Not_Toxic,"–û–±—ñ–π–º–∞—é –¥—ñ–≤—á–∞—Ç –∑–∞ —Ç–∞–∫—É —Ä–æ–±–æ—Ç—É, –º–æ–ª–æ–¥—Ü—ñ!!! –Ø–∫ —Ç—É—Ç –ø—Ä–æ–≥—Ä–∞—Ç–∏, –∫–æ–ª–∏ —Ç–∞–∫ –≥–æ–¥—É—é—Ç—å —ñ –Ω–∞–¥–∏—Ö–∞—é—Ç—å –Ω–∞ –ø–µ—Ä–µ–º–æ–≥—É?!!",Not_Toxic,–æ–±—ñ–π–º–∞—Ç–∏ –¥—ñ–≤—á–∞ —Ç–∞–∫–∞ —Ä–æ–±–æ—Ç –º–æ–ª–æ–¥–µ—Ü—å –ø—Ä–æ–≥—Ä–∞—Ç–∏ –≥–æ–¥—É–≤–∞—Ç–∏ –Ω–∞–¥–∏—Ö–∞—é—Ç—å –ø–µ—Ä–µ–º–æ–≥–∞
56,Not_Toxic,"–î—É–∂–µ –∫–ª–∞—Å–Ω–∏–π –≤–∏–ø—É—Å–∫. –Ü –≥–æ–ª–æ–≤–Ω–µ —è –∑—Ä–æ–∑—É–º—ñ–ª–∞ —â–æ —Ü–µ –≤—ñ–¥–µ–æ –Ω–µ –ø—Ä–æ –æ–¥—è–≥, –∞ –ø—Ä–æ –ª—é–¥–µ–π. –í—Å—ñ –¥—É–∂–µ —É'—Ü—ñ–∫–∞–≤—ñ –æ—Å–æ–±–∏—Å—Ç–æ—Å—Ç—ñ –∑—ñ —Å–≤–æ—ó–º–∏ —Ü—ñ–∫–∞–≤–∏–º–∏ –≤–ø–æ–¥–æ–±–∞–Ω–Ω—è–º–∏ ",Not_Toxic,–∫–ª–∞—Å–Ω–∏–π –≤–∏–ø—É—Å–∫ –≥–æ–ª–æ–≤–Ω—è –∑—Ä–æ–∑—É–º—ñ–ª–∏–π –≤—ñ–¥–µ–æ –æ–¥—è–≥—Ç–∏ –ª—é–¥–∏ —É'—Ü—ñ–∫–∞–≤—ñ –æ—Å–æ–±–∏—Å—Ç—ñ—Å—Ç—å —Å–≤—ñ–π —Ü—ñ–∫–∞–≤–∏–π –≤–ø–æ–¥–æ–±–∞–Ω–Ω—è–º–∏
57,Not_Toxic,"–ü—Ä–æ—Å—Ç–æ –°–£–ü–ï–†! –î—É–∂–µ —Ö–æ—á—É, —â–æ–± —É—Å—è –Ω–∞—à–∞ –º–æ–ª–æ–¥—å –±—É–ª–∞ —Å–∞–º–µ —Ç–∞–∫–æ—é - —â–∞—Å–ª–∏–≤–æ—é, –ø—Ä–∞—Ü—å–æ–≤–∏—Ç–æ—é, —Ä–æ–∑—É–º–Ω–æ—é, –±–∞–≥–∞—Ç–æ–≥—Ä–∞–Ω–Ω–æ—é, –¥–æ–±—Ä–æ—é, –û—Ü–µ - —Å–ø—Ä–∞–≤–∂–Ω—è —É–∫—Ä–∞—ó–Ω—Å—å–∫–∞ –µ–ª—ñ—Ç–∞.",Not_Toxic,—Å—É–ø–µ—Ä —Ö–æ—Ç—ñ—Ç–∏ –º–æ–ª–æ–¥—å —Ç–∞–∫–∞ —â–∞—Å–ª–∏–≤–∏–π –ø—Ä–∞—Ü—å–æ–≤–∏—Ç–∏–π —Ä–æ–∑—É–º–Ω–∏–π –±–∞–≥–∞—Ç–æ–≥—Ä–∞–Ω–Ω–∏–π –¥–æ–±—Ä–∞ —Å–ø—Ä–∞–≤–∂–Ω—ñ–π —É–∫—Ä–∞—ó–Ω—Å—å–∫–∏–π –µ–ª—ñ—Ç–∞
58,Not_Toxic,"–û–≥–æ, –∫–∞–∫–∞—è –∫—Ä–∞—Å–∏–≤–∞—è",Not_Toxic,–∫—Ä–∞—Å–∏–≤–∏–π
59,Not_Toxic,–î—É—Ä–Ω—î–≤ –≤–∏–∫–ª–∏–∫–∞—î –∑–∞–ª–µ–∂–Ω—ñ—Å—Ç—å ,Not_Toxic,–¥—É—Ä–Ω—î–≤ –≤–∏–∫–ª–∏–∫–∞—Ç–∏ –∑–∞–ª–µ–∂–Ω—ñ—Å—Ç—å
60,Toxic,"–∞ –Ω—ñ—á–æ–≥–æ, —â–æ –≤–∞—Å –ø–æ–±–∞—á–∞—Ç—å –Ω–µ —Ç—ñ",Toxic,–ø–æ–±–∞—á–∏—Ç–∏
61,Not_Toxic,"–ø–æ–≤–Ω—ñ—Å—Ç—é –¥—É—Ä–Ω–æ–≤–∞—Ç–∏–π –≤–∏–ø—É—Å–∫, –≥–∞—Ñ—ñ–≥–∞ –π–æ–≥–æ –¥–∏–≤–∏—Ç–∏—Å—å",Toxic,–ø–æ–≤–Ω—ñ—Å—Ç—é –¥—É—Ä–Ω–æ–≤–∞—Ç–∏–π –≤–∏–ø—É—Å–∫ –≥–∞—Ñ—ñ–≥–∞ –¥–∏–≤–∏—Ç–∏—Å—è
62,Toxic,–¢—ñ–ª—å–∫–∏ –º–µ–Ω—ñ –≤—ñ–Ω —á–∏–º–æ—Å—å –ó–µ–ª–µ–Ω—Å—å–∫–æ–≥–æ –Ω–∞–≥–∞–¥—É—î?,Not_Toxic,—â–æ—Å—å –∑–µ–ª–µ–Ω—Å—å–∫–æ–≥–æ –Ω–∞–≥–∞–¥—É–≤–∞—Ç–∏
63,Toxic,"–ü–æ–∫–∞–∂—ñ—Ç—å –º–µ–Ω—ñ –æ–¥–Ω—É –¥–∏–≤–æ–≤–∏–∂–Ω—É —Å–ø–æ—Ä—É–¥—É —É–∫—Ä–∞—ó–Ω—Ü—ñ–≤?
–¢—ñ–ª—å–∫–∏ –æ–¥–∏–Ω!
–Ω—ñ—á–æ–≥–æ!
–î–æ –∫—ñ–Ω—Ü—è 90-—Ö —É –õ—å–≤–æ–≤—ñ –Ω–µ —Ä–æ–±–∏–ª–∏ –∂–æ–¥–Ω–æ–≥–æ —Ä–µ–º–æ–Ω—Ç—É, —Ç–æ–º—É —â–æ –≤–∏ –¥—É–º–∞–ª–∏, —â–æ –≤—ñ–Ω –ø–æ–≤–µ—Ä–Ω–µ—Ç—å—Å—è –¥–æ –ü–æ–ª—å—â—ñ!",Toxic,"–ø–æ–∫–∞–∑–∞—Ç–∏ –æ–¥–µ–Ω –¥–∏–≤–æ–≤–∏–∂–Ω–∏–π —Å–ø–æ—Ä—É–¥–∞ —É–∫—Ä–∞—ó–Ω–µ—Ü—å 
—Ç—ñ–ª—å–∫–∏ 
–Ω—ñ—á–æ–≥–æ –∫—ñ–Ω–µ—Ü—å –õ—å–≤—ñ–≤ —Ä–æ–±–∏—Ç–∏ –∂–æ–¥–Ω–∏–π —Ä–µ–º–æ–Ω—Ç –¥—É–º–∞—Ç–∏ –ø–æ–≤–µ—Ä–Ω—É—Ç–∏—Å—è –ü–æ–ª—å—â–∞"
64,Not_Toxic,"–ú—ñ–π –∫–∞–∑–∫–æ–≤–∏–π —ñ —á–∞—Ä—ñ–≤–Ω–∏–π –õ—å–≤—ñ–≤.–ù—É —è–∫ —Ç–µ–±–µ –Ω–µ –ª—é–±–∏—Ç–∏,–õ—å–≤–æ–≤–µ –º—ñ–π ,–ª—é–±–∏–π!!!!!",Not_Toxic,–∫–∞–∑–∫–æ–≤–∏–π —á–∞—Ä—ñ–≤–Ω–∏–π –õ—å–≤—ñ–≤ –ª—é–±–∏—Ç–∏ –õ—å–≤—ñ–≤ –ª—é–±–∏–π
65,Toxic,"–í–∏–Ω –±—Ä–µ—à–µ –±–æ –≤–∏–Ω –∏—Ö –Ω–µ —Å—á–∏—Ç–∞–µ—Ç, –ü—É—à–∫–∏–Ω –º—è—Å–æ —á–µ–º –±–æ–ª—å—à–µ —Ç–µ–º –ª—É—á—à–µ.",Toxic,–±—Ä–µ—Ö–∞—Ç–∏ —Å—á–∏—Ç–∞–µ—Ç –ø—É—à–∫–∏–Ω –º—è—Å–æ –±–æ–ª—å—à–µ –ª—É—á—à–µ
66,Not_Toxic,"–ê–∞–∞, —è –¥—É–º–∞–≤ —Ç–æ –≤ –Ω–µ–π –ø–æ–≤–Ω–µ —î–±–∞–ª–æ —Å–∏–ª—ñ–∫–æ–Ω—É, –∞ —Ç–æ –≤–∏—è–≤–ª—è—î—Ç—å—Å—è –º—ñ–∑–∫–∞–º –º—ñ—Å—Ü—è –≤ —á–µ—Ä–µ–ø—ñ –Ω–µ –≤–∏—Å—Ç–∞—á–∞—î, —Ç–æ –≤–æ–Ω–∏ –∞–∂ –Ω–∞–∑–æ–≤–Ω—ñ –ª—ñ–∑—É—Ç—å... –Ω–æ—á–Ω–∞—è –∞—Ö—Ä–∞–Ω—è—Ç—î–ª—å–Ω—ñ—Ü–∞ –ø–∞–º—è—Ç–Ω—ñ–∫–∞–≤, –≤ –ø–µ—Ä–µ–∫–ª–∞–¥—ñ –Ω–∞ —É–∫—Ä–∞—ó–Ω—Å—å–∫—É - –ø–æ–≤—ñ—è",Toxic,–¥—É–º–∞—Ç–∏ –ø–æ–≤–Ω—è —î–±–∞–ª–æ —Å–∏–ª—ñ–∫–æ–Ω—É –≤–∏—è–≤–ª—è—Ç–∏—Å—è –º—ñ–∑–æ–∫ –º—ñ—Å—Ü–µ —á–µ—Ä–µ–ø –≤–∏—Å—Ç–∞—á–∞—Ç–∏ –Ω–∞–∑–æ–≤–Ω—ñ –ª—ñ–∑—Ç–∏ –Ω–æ—á–Ω–∞—è –∞—Ö—Ä–∞–Ω—è—Ç—î–ª—å–Ω—ñ—Ü–∞ –ø–∞–º—è—Ç–Ω—ñ–∫–∞–≤ –ø–µ—Ä–µ–∫–ª–∞–¥ —É–∫—Ä–∞—ó–Ω—Å—å–∫–∏–π –ø–æ–≤—ñ—è
67,Not_Toxic,–¢–∞–∫–æ–∂ 7 –ø—Ä–æ—Å—å–± –≤ –º–æ–ª–∏—Ç–≤—ñ –û—Ç—á–µ –Ω–∞—à,Not_Toxic,–ø—Ä–æ—Å—å–±–∞ –º–æ–ª–∏—Ç–≤–∞ –æ—Ç—á–∏–π
68,Not_Toxic,"–î—è–∫—É—é –í–∞–º –æ–±–æ–º. –ë—É–¥—å –ª–∞—Å–∫–∞, —è–∫—â–æ –∑–º–æ–∂–µ—Ç–µ –≥–ª—è–Ω—å—Ç–µ –ß–µ—Ä–∫–∞—Å–∏. –©–µ —Ä–∞–∑ –¥—è–∫—É—é.",Not_Toxic,–æ–±–æ—î –ª–∞—Å–∫–∞ –∑–º–æ–≥—Ç–∏ –≥–ª—è–Ω—É—Ç–∏ –ß–µ—Ä–∫–∞—Å–∏
69,Not_Toxic,"–ë–æ–∂–µ, —è–∫–∞ –∫—Ä–∞—Å–∞!!!! –¢–∞–∫ –Ω–∞–¥–∏—Ö–∞—é—á–µ!!!! –ß–∞—Ä—ñ–≤–Ω–∞ —Å—ñ–º‚Äò—è, –ø—Ä–µ–∫—Ä–∞—Å–Ω—ñ —ñ–¥–µ—ó!!! ",Not_Toxic,–±–æ–≥ –∫—Ä–∞—Å–∞ –Ω–∞–¥–∏—Ö–∞—é—á–µ —á–∞—Ä—ñ–≤–Ω–∏–π —Å—ñ–º‚Äò—è –ø—Ä–µ–∫—Ä–∞—Å–Ω–∏–π —ñ–¥–µ—è
70,Not_Toxic,–î—É–∂–µ –µ–º–æ—Ü—ñ–π–Ω–∏–π —ñ –∑–≤–æ—Ä—É—à–ª–∏–≤–∏–π –≤–∏–ø—É—Å–∫! –î—è–∫—É—é –Ø–Ω—ñ –∑–∞ –≤—ñ–¥–∫—Ä–∏—Ç—ñ—Å—Ç—å —Ç–∞ –∫–æ–º–∞–Ω–¥—ñ –°–¢–ë –∑–∞ –ø—Ä–æ—Ñ–µ—Å—ñ–æ–Ω–∞–ª—ñ–∑–º!!!,Not_Toxic,–µ–º–æ—Ü—ñ–π–Ω–∏–π –∑–≤–æ—Ä—É—à–ª–∏–≤–∏–π –≤–∏–ø—É—Å–∫ –≤—ñ–¥–∫—Ä–∏—Ç—ñ—Å—Ç—å –∫–æ–º–∞–Ω–¥–∞ –ø—Ä–æ—Ñ–µ—Å—ñ–æ–Ω–∞–ª—ñ–∑–º
71,Toxic,"–£ –ö–∏—î–≤—ñ –Ω–µ–±–µ–∑–ø–µ—á–Ω–æ, –∞ –±—É–¥–µ —â–µ –≥—ñ—Ä—à–µ. –ó–µ–¥—É—Ä–æ–∫ –¥–æ–≤—ñ–≤ –ª—é–¥–µ–π –¥–æ –∫—Ä–∞—é.",Toxic,–∫–∏–π –Ω–µ–±–µ–∑–ø–µ—á–Ω–æ –≥—ñ—Ä—à–∏–π –∑–µ–¥—É—Ä–æ–∫ –¥–æ–≤–µ—Å—Ç–∏ –ª—é–¥–∏ –∫—Ä–∞–π
72,Not_Toxic,"–ó–∞–≤–∂–¥–∏, –∫–æ–ª–∏ –≤—ñ–Ω –∫–∞–∂–µ –ø—Ä–æ –ø–µ—Ä–µ–≥–æ–≤–æ—Ä–∏ —É –Ω—å–æ–≥–æ –≤ –≥–æ—Ä–ª—è–Ω—Ü—ñ –ø–µ—Ä—à–∏—Ç—å.",Not_Toxic,–ø–µ—Ä–µ–≥–æ–≤–æ—Ä–∏—Ç–∏ –≥–æ—Ä–ª—è–Ω–∫–∞ –ø–µ—Ä—à–∏—Ç—å
73,Not_Toxic,–Ω—ñ—á–æ–≥–æ —Å–æ–±—ñ –ö–∞—Ç–µ—Ä–∏–Ω–∞ –û–ª–µ–∫—Å–∞–Ω–¥—Ä—ñ–≤–Ω–∞. –Ø –± —É —Ç–∞–∫–æ—ó –≤—á–∏—Ç–µ–ª—å–∫–∏ –∂–æ–¥–Ω–æ–≥–æ —É—Ä–æ–∫—É –±–∏ –Ω–µ –ø—Ä–æ–ø—É—Å—Ç–∏–≤,Not_Toxic,–ö–∞—Ç–µ—Ä–∏–Ω–∞ –û–ª–µ–∫—Å–∞–Ω–¥—Ä—ñ–≤–Ω–∞ —Ç–∞–∫–∏–π –≤—á–∏—Ç–µ–ª—å–∫–∞ –∂–æ–¥–Ω–∏–π —É—Ä–æ–∫ –ø—Ä–æ–ø—É—Å—Ç–∏—Ç–∏
74,Toxic,"Well, –ø—Ä–æ –ï—Å—Ç–æ–Ω—ñ—é —Ç–æ –≤–∑–∞–≥–∞–ª—ñ...—è–∫ –≤–∏ —Ç—ñ–ª—å–∫–∏ —Ü–∏—Ö –∫–æ–Ω—á–µ–Ω–∏—Ö –≤–∏—Ç—Ä–∏–º—É—î—Ç–µ! )",Toxic,well –ï—Å—Ç–æ–Ω—ñ—è –≤–∑–∞–≥–∞–ª—ñ –∫–æ–Ω—á–µ–Ω–∏—Ö –≤–∏—Ç—Ä–∏–º—É–≤–∞—Ç–∏
75,Not_Toxic,–î—É–∂–µ –∫—Ä–∞—Å–∏–≤–∞ –ø—ñ—Å–ª—è –ø–µ—Ä–µ–≤—Ç—ñ–ª–µ–Ω–∞,Not_Toxic,–∫—Ä–∞—Å–∏–≤–∏–π –ø–µ—Ä–µ–≤—Ç—ñ–ª–µ–Ω–∞
76,Toxic,–í–∏ –∑—Ä–æ–±–∏–ª–∏ –º—ñ–π —Ä–∞–Ω–æ–∫. –ó–Ω–µ–≤—ñ—Ä—É –≥–µ—Ç—å! –î—è–∫—É—é!,Not_Toxic,–∑—Ä–æ–±–∏—Ç–∏ —Ä–∞–Ω–æ–∫ –∑–Ω–µ–≤—ñ—Ä–∞
77,Not_Toxic,–°–ª—ñ–≤ –Ω–µ–º–∞—î. –í—ñ–Ω –∑–∞–≤–∂–¥–∏ –∑ –Ω–∞–º–∏.,Not_Toxic,—Å–ª–æ–≤–æ
78,Not_Toxic,"–ü–∏—Ç–∞–Ω–Ω—è –¥–æ –∫–æ—Å–º–µ—Ç–æ–ª–æ–≥–∞,—è–∫–∞ —É–¥–∞–ª—è–ª–∞ —Ä–æ–¥–∏–º–∫–∏..—è–∫ —Ü–µ,–≤ –∫i–Ω—Üi –ø–µ—Ä–µ–≤—Çi–ª–µ–Ω–Ω—è(–øi—Å–ª—è –ø—Ä–æ–µ–∫—Ç—É) –≤–æ–Ω–∏ –∑–Ω–æ–≤—É –∑'—è–≤–∏–ª–∏—Å—å?.",Not_Toxic,–ø–∏—Ç–∞–Ω–Ω—è –∫–æ—Å–º–µ—Ç–æ–ª–æ–≥–∞ —É–¥–∞–ª—è–ª–∞ —Ä–æ–¥–∏–º–∫–∏ –∫i–Ω—Üi –ø–µ—Ä–µ–≤—Çi–ª–µ–Ω–Ω—è –øi—Å–ª—è –ø—Ä–æ–µ–∫—Ç –∑'—è–≤–∏—Ç–∏—Å—è
79,Not_Toxic,–ö—É–∑—å–º–∞ –°–∫—Ä—è–±—ñ–Ω- –±—É–≤ –Ω–∞–π—Å–ø—Ä–∞–≤–∂–Ω—ñ–º!,Not_Toxic,–ö—É–∑—å–º–∞ —Å–∫—Ä—è–±—ñ–Ω –Ω–∞–π—Å–ø—Ä–∞–≤–∂–Ω—ñ–º
80,Not_Toxic,"–Ø–∫—â–æ —ñ–≤–∞—Å—ñ –≤–æ–Ω–∞, —Ç–æ –∫–∞—Ä–∞—Å—å —Ç–µ–∂? –¶–µ –∂ —Ç–∞–∫–æ–∂ —Ä–∏–±–∞",Not_Toxic,—ñ–≤–∞—Å—ñ –∫–∞—Ä–∞—Å—å —Ä–∏–±–∞
81,Not_Toxic,–ù–∞ –≤—ñ–¥–µ–æ –Ω–µ–º–∞—î –Ω—ñ—á–æ–≥–æ —â–æ –∑—Ä–æ–±–ª–µ–Ω–æ —É–∫—Ä–∞—ó–Ω—Ü—è–º–∏ —è–∫—ñ —Ä–≤—É—Ç—å –≥–ª–æ—Ç–∫–∏ —Ç–∞ –¥–æ–∫–∞–∑—É—é—Ç—å —â–æ –õ—å–≤—ñ–≤ —Ü–µ —Å–ø–æ–∫–æ–Ω–≤—ñ—á–Ω–µ —É–∫—Ä–∞—ó–Ω—Å—å–∫–µ –º—ñ—Å—Ç–æ...!,Toxic,–≤—ñ–¥–µ–æ –∑—Ä–æ–±–∏—Ç–∏ —É–∫—Ä–∞—ó–Ω–µ—Ü—å —Ä–≤–∞—Ç–∏ –≥–ª–æ—Ç–∫–∏ –¥–æ–∫–∞–∑—É—é—Ç—å –õ—å–≤—ñ–≤ —Å–ø–æ–∫–æ–Ω–≤—ñ—á–Ω–∏–π —É–∫—Ä–∞—ó–Ω—Å—å–∫–∏–π –º—ñ—Å—Ç–æ
82,Not_Toxic,"–î—è–∫—É—é –∑–∞ –≤—ñ–¥–µ–æ. –ó–∞–≤–∂–¥–∏ –ø–æ–¥–æ–±–∞–ª–∞—Å—å –°–≤—ñ—Ç–ª–∞–Ω–∞ –¢–∞—Ä–∞–±–∞—Ä–æ–≤–∞, —Ç–∞–ª–∞–Ω–æ–≤–∏—Ç–∞ –¥—ñ–≤—á–∏–Ω–∞! –•–∞–π —â–∞—Å—Ç–∏—Ç—å —Ü—ñ–π —á—É–¥–æ–≤—ñ–π —Ä–æ–¥–∏–Ω—ñ!",Not_Toxic,–≤—ñ–¥–µ–æ –ø–æ–¥–æ–±–∞—Ç–∏—Å—è –°–≤—ñ—Ç–ª–∞–Ω–∞ —Ç–∞—Ä–∞–±–∞—Ä–æ–≤–∞ —Ç–∞–ª–∞–Ω–æ–≤–∏—Ç–∏–π –¥—ñ–≤—á–∏–Ω–∞ —â–∞—Å—Ç–∏—Ç–∏ —á—É–¥–æ–≤–∏–π —Ä–æ–¥–∏–Ω–∞
83,Not_Toxic,"–®–∏–∫–∞—Ä–Ω–µ –º—ñ—Å—Ç–æ !
–®–∏–∫–∞—Ä–Ω—ñ —É–∫—Ä–∞—ó–Ω—Ü—ñ !!!",Not_Toxic,"—à–∏–∫–∞—Ä–Ω–µ –º—ñ—Å—Ç–æ 
—à–∏–∫–∞—Ä–Ω—ñ —É–∫—Ä–∞—ó–Ω–µ—Ü—å"
84,Not_Toxic,"–í–∂–µ –∑–∞—á–∞—ó–ª–æ—Å—å –¥–∞–≤–Ω–æ, —Ö–æ—á—É –≤ —Ç–µ —Å–µ–ª–æ –¥–µ —Å–∞–º–∞ —Å–æ–±—ñ –ø–æ–º—ñ—Ç–∏–ª–∞, –¥—è–∫—É—é –≤–∞–º –∑–∞ –ø–æ—Ä–∞–¥–∏ ",Not_Toxic,–∑–∞—á–∞—ó–ª–æ—Å—å —Ö–æ—Ç—ñ—Ç–∏ —Å–µ–ª–æ –ø–æ–º—ñ—Ç–∏—Ç–∏ –ø–æ—Ä–∞–¥–∞
85,Not_Toxic,"–¥—è–∫—É—é –∑–∞ —Ü—ñ–∫–∞–≤–∏–π, –ø–æ—Ç—Ä—ñ–±–Ω–∏–π —Ç–∞ –¥—É–∂–µ —Ü—ñ–∫–∞–≤–∏–π –∫–æ–Ω—Ç–µ–Ω—Ç!!!",Not_Toxic,—Ü—ñ–∫–∞–≤–∏–π –ø–æ—Ç—Ä—ñ–±–Ω–∏–π —Ü—ñ–∫–∞–≤–∏–π –∫–æ–Ω—Ç–µ–Ω—Ç
86,Not_Toxic,"–ì–∞—Ä–Ω–∞ —Å—ñ–º'—è, –±–∞–∂–∞—é —â–µ –±—ñ–ª—å—à–µ —â–∞—Å—Ç—è –≤ —ó—Ö–Ω—å–æ–º—É –¥–æ–º—ñ. –ê —Ç–∞–∫ –ø—Ä–∏—î–º–Ω–∞ –¥—ñ–≤—á–∏–Ω–∞ —ñ —â–∏—Ä–∞.",Not_Toxic,–≥–∞—Ä–Ω–∏–π —Å—ñ–º'—è –±–∞–∂–∞—Ç–∏ —â–∞—Å—Ç—è —ó—Ö–Ω—ñ–π –¥—ñ–º –ø—Ä–∏—î–º–Ω–∏–π –¥—ñ–≤—á–∏–Ω–∞ —â–∏—Ä–∏–π
87,Not_Toxic,–•—Ç–æ—Å—å –∑–Ω–∞–π—à–æ–≤ —ó—ó Instagram?,Not_Toxic,—Ö—Ç–æ—Å—å –∑–Ω–∞–π—Ç–∏ instagram
88,Not_Toxic,"–î–∏–≤–ª—é—Å—å —ñ —Ä–∞–¥—ñ—é ,—â–æ —î —Ç–∞–∫—ñ –ø—Ä–µ–∫—Ä–∞—Å–Ω—ñ —Ä–æ–±–æ—Ç—è—â—ñ –ª—é–¥–∏ –∑ –≤–µ–ª–∏–∫–∏–º ,–¥–æ–±—Ä–∏–º —Å–µ—Ä—Ü–µ–º.–î—è–∫—É—é .",Not_Toxic,–¥–∏–≤–∏—Ç–∏—Å—è —Ä–∞–¥—ñ—Ç–∏ –ø—Ä–µ–∫—Ä–∞—Å–Ω–∏–π —Ä–æ–±–æ—Ç—è—â—ñ –≤–µ–ª–∏–∫–∏–π –¥–æ–±—Ä–∏–π —Å–µ—Ä—Ü–µ
89,Not_Toxic,–ê —è–∫ —Ü–µ –≤ –Ω–∞—Å—Ç—É–ø–Ω–æ–º—É —Ä–æ—Ü—ñ?  —Ü–µ –∂–∞—Ä—Ç?,Not_Toxic,–Ω–∞—Å—Ç—É–ø–Ω–∏–π –∂–∞—Ä—Ç
90,Not_Toxic,–°—É–ø–µ—Ä –∑–∞–≤–∂–¥–∏ —Ü—ñ–∫–∞–≤–æ –ø–æ–¥–∏–≤–∏—Ç–∏—Å—è —Ç–≤–æ—ó –≤—ñ–¥–µ–æ –∫—Ä–∞—Å—É–Ω—è ,Not_Toxic,—Å—É–ø–µ—Ä —Ü—ñ–∫–∞–≤–æ –ø–æ–¥–∏–≤–∏—Ç–∏—Å—è —Ç–≤—ñ–π –≤—ñ–¥–µ–æ –∫—Ä–∞—Å—É–Ω—è
91,Not_Toxic,"–î–∏–≤–ª—é—Å—è –ø—ñ–¥ —á–∞—Å –≤—ñ–π–Ω–∏, —ñ –≤—ñ—Ä—é, —â–æ –£–∫—Ä–∞—ó–Ω–∞ –ø–µ—Ä–µ–º–æ–∂–µ! –°–ª–∞–≤–∞ –£–∫—Ä–∞—ó–Ω—ñ ",Not_Toxic,–¥–∏–≤–∏—Ç–∏—Å—è –≤—ñ–π–Ω–∞ –≤—ñ—Ä–∏—Ç–∏ –£–∫—Ä–∞—ó–Ω–∞ –ø–µ—Ä–µ–º–æ–≥—Ç–∏ —Å–ª–∞–≤–∞ –£–∫—Ä–∞—ó–Ω–∞
92,Not_Toxic,–°–ª–∞–≤–∞ –ë–æ–≥—É —è–∫–∏–π –º—ñ–Ω—è—î —Å–µ—Ä—Ü—è –ª—é–¥–µ–π!!!,Not_Toxic,—Å–ª–∞–≤–∞ –±–æ–≥ –º—ñ–Ω—è—Ç–∏ —Å–µ—Ä—Ü–µ –ª—é–¥–∏
93,Not_Toxic,"—Å—ñ–º–µ–π–Ω—ñ —Å—Ç–æ—Å—É–Ω–∫–∏ –∂ –ø—Ä–∞–≤–∏–ª—å–Ω–æ, —Ö–µ–π",Not_Toxic,—Å—ñ–º–µ–π–Ω–∏–π —Å—Ç–æ—Å—É–Ω–æ–∫ –ø—Ä–∞–≤–∏–ª—å–Ω–æ
94,Not_Toxic,–ú–æ–ª–æ–¥—Ü—ñ! –ó–æ–ª–æ—Ç–µ —Å–µ—Ä—Ü–µ —É –≤–∞—Å! –ì–æ—Å–ø–æ–¥—å –∑ –Ω–∞–º–∏,Not_Toxic,–º–æ–ª–æ–¥–µ—Ü—å –∑–æ–ª–æ—Ç–∏–π —Å–µ—Ä—Ü–µ –≥–æ—Å–ø–æ–¥—å
95,Not_Toxic,–ú–æ–ª–æ–¥–∞ –º–æ–ª–æ–¥—å –Ω—ñ—á–æ–≥–æ –≤ –∂–∏—Ç—Ç—ñ –Ω–µ –∑–Ω–∞—î —ñ –Ω–µ —Ö–æ—á–µ –¥—ñ–∑–Ω–∞–≤–∞—Ç–∏—Å—å,Toxic,–º–æ–ª–æ–¥–∏–π –º–æ–ª–æ–¥—å –∂–∏—Ç—Ç—è –∑–Ω–∞—Ç–∏ —Ö–æ—Ç—ñ—Ç–∏ –¥—ñ–∑–Ω–∞–≤–∞—Ç–∏—Å—å
96,Toxic,–•—É–π —Ç–∞–º –•–µ—Ä—Å–æ–Ω —É–∂–µ –†–æ—Å—ñ—è,Toxic,–•–µ—Ä—Å–æ–Ω —Ä–æ—Å—ñ—è
97,Not_Toxic,–ñ—ñ–Ω–æ—á–∫–∏ –Ω–∏–∑—å–∫–∏–π –≤–∞–º –¥–æ–∑–µ–º–Ω–∏–π —É–∫–ª—ñ–Ω,Not_Toxic,–∂—ñ–Ω–æ—á–∫–∞ –Ω–∏–∑—å–∫–∏–π –¥–æ–∑–µ–º–Ω–∏–π —É–∫–ª—ñ–Ω
98,Not_Toxic,"–ú–∞—à–∞ , –ª—é–¥–∏ –∑–ª—ñ —ñ –Ω–µ –≤–∏—Ç—Ä–∏–º–∞–Ω—ñ —ñ –Ω–µ –∑–≤–µ—Ä—Ç–∞–π —É–≤–∞–≥–∏ , –Ω–µ –ø—Ä–∏–π–º–∞–π –Ω–∞ —Å–≤—ñ–π —Ä–∞—Ö—É–Ω–æ–∫ . –ê –º–µ–Ω—ñ –ø–æ–¥–æ–±–∞—î—Ç—å—Å—è —Ç–µ —â–æ —Ç–∏ —Ä–æ–±–∏—à , —Ç–∏ —Ä–æ–∑—É–º–∞—à–∫–∞ .–î—è–∫—É—é !",Not_Toxic,–º–∞—à–∞ –≤–∏—Ç—Ä–∏–º–∞–Ω—ñ –∑–≤–µ—Ä—Ç–∞—Ç–∏ —É–≤–∞–≥–∞ –ø—Ä–∏–π–º–∞—Ç–∏ —Å–≤—ñ–π —Ä–∞—Ö—É–Ω–æ–∫ –ø–æ–¥–æ–±–∞—Ç–∏—Å—è —Ä–æ–±–∏—Ç–∏ —Ä–æ–∑—É–º–∞—à–∫–∞
99,Not_Toxic,"–î—è–∫—É—é. –õ–∞–π–∫. –û—Å—å –ø–æ—á–∏–Ω–∞—î—Ç–µ —Ü—é –ø—Ä–æ–≥—Ä–∞–º—É –í–∏ –≥–æ–ª–æ—Å–Ω–æ. –ê –ø–æ—Ç—ñ–º –ø–µ—Ä–µ—Ö–æ–¥–∏—Ç–µ –Ω–∞ —Ç–∏—Ö—É —Ä–æ–∑–º–æ–≤—É. –í–∞—Å –ø–æ–≥–∞–Ω–æ —á—É—Ç–∏ –ª—é–¥—è–º —Ä—ñ–∑–Ω–∏—Ö –≤—ñ–∫–æ–≤–∏—Ö –∫–∞—Ç–µ–≥–æ—Ä—ñ–π. –•–æ—á–µ–º–æ –ø–æ–ø—Ä–æ—Å–∏—Ç–∏ –í–∞—Å –Ω–µ –∑–∞–±—É–≤–∞—Ç–∏ –ø—Ä–æ —Ç–µ, —â–æ –ø—ñ—Å–ª—è 65 —Ä—Ä —ñ –¥–∞–ª—ñ —Å–ª—É—Ö –ª—é–¥–∏–Ω–∏ –ø–æ–≥—ñ—Ä—à—É—î—Ç—å—Å—è. –¢–∏—Ö–∞, –¥—É—à–µ–≤–Ω–∞ —Ä–æ–∑–º–æ–≤–∞ –¥—É–∂–µ –ø—Ä–∏—î–º–Ω–∞ –∫–æ–ª–∏ —ó—ó —á—É—î—à. –ú–æ–∂–Ω–∞ –í–∞—Å –ø–æ–ø—Ä–æ—Å–∏—Ç–∏ –ø–æ—Å–∏–ª–∏—Ç–∏ –∑–≤—É–∫ —Ä–æ–∑–º–æ–≤–∏. –£ –Ω–∞—Å –≤—ñ–Ω –Ω–∞ 99%. –î—è–∫—É—é –∑–∞ —Ä–æ–∑—É–º—ñ–Ω–Ω—è.",Not_Toxic,–ª–∞–π–∫ –ø–æ—á–∏–Ω–∞—Ç–∏ –ø—Ä–æ–≥—Ä–∞–º–∞ –≥–æ–ª–æ—Å–Ω–æ –ø–µ—Ä–µ—Ö–æ–¥–∏—Ç–∏ —Ç–∏—Ö–∏–π —Ä–æ–∑–º–æ–≤–∞ –ø–æ–≥–∞–Ω–æ —á—É—Ç–∏ –ª—é–¥–∏ —Ä—ñ–∑–Ω–∏–π –≤—ñ–∫–æ–≤–∏–π –∫–∞—Ç–µ–≥–æ—Ä—ñ—è —Ö–æ—Ç—ñ—Ç–∏ –ø–æ–ø—Ä–æ—Å–∏—Ç–∏ –∑–∞–±—É–≤–∞—Ç–∏ —Å–ª—É—Ö –ª—é–¥–∏–Ω–∞ –ø–æ–≥—ñ—Ä—à—É—î—Ç—å—Å—è —Ç–∏—Ö–∏–π –¥—É—à–µ–≤–Ω–∏–π —Ä–æ–∑–º–æ–≤–∞ –ø—Ä–∏—î–º–Ω–∏–π —á—É—Ç–∏ –ø–æ–ø—Ä–æ—Å–∏—Ç–∏ –ø–æ—Å–∏–ª–∏—Ç–∏ –∑–≤—É–∫ —Ä–æ–∑–º–æ–≤–∞ —Ä–æ–∑—É–º—ñ–Ω–Ω—è
100,Toxic,"–†–æ—Å—ñ—è - —Ñ–∞—à–∏—Å—Ç—Å—å–∫–∞ —Ç–µ—Ä–æ—Ä–∏—Å—Ç–∏—á–Ω–∞ –¥–µ—Ä–∂–∞–≤–∞. –î–æ–≤—ñ—á–Ω–∏–º –ø—Ä–æ–∫–ª—è—Ç—Ç—è–º, —ñ–∑–æ–ª—è—Ü—ñ—î—é —Ç–∞ —Å–≤–æ—ó–º —Ä–æ–∑–ø–∞–¥–æ–º –∑–∞–ø–ª–∞—Ç–∏—Ç—å –∑–∞ –∑–∞–≥–∏–±–ª–∏—Ö —É–∫—Ä–∞—ó–Ω—Ü—ñ–≤ —Ä—É–π–Ω–æ–≤–∞–Ω—ñ –º—ñ—Å—Ç–∞ —ñ —Å–µ–ª–∞.",Toxic,—Ä–æ—Å—ñ—è —Ñ–∞—à–∏—Å—Ç—Å—å–∫–∏–π —Ç–µ—Ä–æ—Ä–∏—Å—Ç–∏—á–Ω–∏–π –¥–µ—Ä–∂–∞–≤–∞ –¥–æ–≤—ñ—á–Ω–∏–π –ø—Ä–æ–∫–ª—è—Ç—Ç—è —ñ–∑–æ–ª—è—Ü—ñ—è —Å–≤—ñ–π —Ä–æ–∑–ø–∞–¥ –∑–∞–ø–ª–∞—Ç–∏—Ç–∏ –∑–∞–≥–∏–±–ª–∏–π —É–∫—Ä–∞—ó–Ω–µ—Ü—å —Ä—É–π–Ω–æ–≤–∞–Ω—ñ –º—ñ—Å—Ç–æ —Å–µ–ª–æ
101,Not_Toxic,"–ù–µ—Å–ø–æ–¥—ñ–≤–∞–Ω–æ —Å–ø–æ–¥–æ–±–∞–ª–æ—Å—è!
–•–æ—á–∞ —è–∫ –∑–∞–≤–∂–¥–∏ - –≥–∞—Ä–Ω–æ —ñ –Ω–µ–æ—Ä–¥–∏–Ω–∞—Ä–Ω–æ –≤–¥—è–≥–∞—é—Ç—å—Å—è —Ç—ñ, –≤ –∫–æ–≥–æ —î –≥—Ä–æ—à—ñ) 
–î—É–∂–µ –ø–æ—Ç—ñ—à–∏–≤ –≤ –ø—Ä–∏—î–º–Ω–æ–º—É —Ä–æ–∑—É–º—ñ–Ω–Ω—ñ –æ–¥–µ—Å–∏—Ç - –æ—Ü–µ —Å–ø—Ä–∞–≤–∂–Ω—ñ–π –º—ñ–∫—Å, –∫–æ–ª–∏ —è–∫—ñ—Å—Ç—å –Ω–µ –æ—Ü—ñ–Ω—é—î—Ç—å—Å—è —Ü—ñ–Ω–æ—é, –≥–æ–ª–æ–≤–Ω–µ —â–æ–± —Ä—ñ—á –±—É–ª–∞ —Å–∞–º–µ —Ç—ñ—î—é, —â–æ —Ç—Ä–µ–±–∞",Not_Toxic,"–Ω–µ—Å–ø–æ–¥—ñ–≤–∞–Ω–æ —Å–ø–æ–¥–æ–±–∞—Ç–∏—Å—è 
—Ö–æ—á–∞ –≥–∞—Ä–Ω–æ –Ω–µ–æ—Ä–¥–∏–Ω–∞—Ä–Ω–æ –≤–¥—è–≥–∞—é—Ç—å—Å—è –≥—Ä–æ—à—ñ –ø–æ—Ç—ñ—à–∏—Ç–∏ –ø—Ä–∏—î–º–Ω–∏–π —Ä–æ–∑—É–º—ñ–Ω–Ω—è –æ–¥–µ—Å–∏—Ç —Å–ø—Ä–∞–≤–∂–Ω—ñ–π –º—ñ–∫—Å —è–∫—ñ—Å—Ç—å –æ—Ü—ñ–Ω—é–≤–∞—Ç–∏—Å—è —Ü—ñ–Ω–∞ –≥–æ–ª–æ–≤–Ω—è —Ç–æ–π"
102,Toxic,"–î—É–∂–µ –∑–∞—Å–º—É—á–µ–Ω–∞,—Ç–æ—â–æ —è –¥—É–∂–µ —á–µ–∫–∞–ª–∞ –Ω–∞ —Ü–µ–π —Å–µ—Ä—ñ–∞–ª,–ø—Ä—è–º –¥—É–∂–µ.
–†–µ–∫–ª–∞–º—É –∫—Ä—É—Ç–∏–ª–∏.–ê —Ç—É—Ç –ø—Ä—è–º —Ç–∞–∫–∞ –∂–∞—Ö–ª–∏–≤–∞ –≥—Ä–∞ –∞–∫—Ç–æ—Ä—ñ–≤,–ø—Ä–æ—Å—Ç–æ –∂–∞—Ö.
–ù—É, —è –Ω–µ –∑–¥–∞—é—Å—è,–±—É–¥—É –¥–∏–≤–∏—Ç–∏—Å—è –¥–∞–ª—ñ.–†–∞–ø—Ç–æ–º —â–æ—Å—å –∑–º—ñ–Ω–∏—Ç—å—Å—è –±–æ —Å–∞–º —Å—é–∂–µ—Ç –º–µ–Ω—ñ –¥–æ –¥—É—à—ñ.",Toxic,"–∑–∞—Å–º—É—á–µ–Ω–∏–π —Ç–æ—â–æ —á–µ–∫–∞—Ç–∏ —Å–µ—Ä—ñ–∞–ª –ø—Ä—è–º 
—Ä–µ–∫–ª–∞–º—É –∫—Ä—É—Ç–∏—Ç–∏ –ø—Ä—è–º –∂–∞—Ö–ª–∏–≤–∏–π –∞–∫—Ç–æ—Ä –∑–¥–∞–≤–∞—Ç–∏—Å—è –¥–∏–≤–∏—Ç–∏—Å—è —â–æ—Å—å –∑–º—ñ–Ω–∏—Ç–∏—Å—è —Å—é–∂–µ—Ç –¥—É—à"
103,Not_Toxic,"–¢—Ä–µ–Ω–µ—Ä –ú–∞—Ä–∏–Ω–∞ –¥—É–∂–µ –ø—Ä–∏—î–º–Ω–∞ –ª—é–¥–∏–Ω–∞, —ñ –∫—Ä–∞—Å–∏–≤–∞ –∂—ñ–Ω–∫–∞",Not_Toxic,—Ç—Ä–µ–Ω–µ—Ä –ú–∞—Ä–∏–Ω–∞ –ø—Ä–∏—î–º–Ω–∏–π –∫—Ä–∞—Å–∏–≤–∏–π –∂—ñ–Ω–∫–∞
104,Not_Toxic,"–î—É–∂–µ —Ñ—ñ–≥–æ–≤–∏–π —Å—Ç–∏–ª—ñ—Å—Ç —Ç–∞ –¥—ñ–≤—á–∏–Ω–∞, —á–µ—Å–Ω–æ –∫–∞–∂—É—á–∏",Toxic,—Ñ—ñ–≥–æ–≤–∏–π —Å—Ç–∏–ª—ñ—Å—Ç –¥—ñ–≤—á–∏–Ω–∞ —á–µ—Å–Ω–æ –∫–∞–∑–∞—Ç–∏
105,Not_Toxic,"–î–∏–≤–Ω–æ,—â–æ –º–∞–≥ –Ω–µ —Å–ø—ñ–ª–∫—É—î—Ç—å—Å—è —Ä—ñ–¥–Ω–æ—é –º–æ–≤–æ—é",Not_Toxic,–¥–∏–≤–Ω–æ —Å–ø—ñ–ª–∫—É–≤–∞—Ç–∏—Å—è —Ä—ñ–¥–Ω–∏–π –º–æ–≤–∞
106,Not_Toxic,–ü—ñ–¥–∫–∞–∂—ñ—Ç—å —Ç—Ä–µ–∫ —è–∫–∏–π –ª—É–Ω–∞—î —Å–ø–æ—á–∞—Ç–∫—É –æ–≥–æ–ª–æ—à–µ–Ω–Ω—è –ë—ñ–¥–Ω—è–∫–æ–≤–∞,Not_Toxic,–ø—ñ–¥–∫–∞–∑–∞—Ç–∏ —Ç—Ä–µ–∫ –ª—É–Ω–∞—Ç–∏ –æ–≥–æ–ª–æ—à–µ–Ω–Ω—è –±—ñ–¥–Ω—è–∫–æ–≤–∞
107,Toxic,–°–ø–∞–¥–∫–æ–º? –Ü–¥–µ–Ω—Ç–∏—Ñ—ñ–∫–∞—Ü—ñ—î—é —î —É–∫—Ä –º–æ–≤–∞. –í –ø–µ—Ä—à—É —á–µ—Ä–≥—É‚Ä¶,Not_Toxic,—Å–ø–∞–¥–æ–∫ —ñ–¥–µ–Ω—Ç–∏—Ñ—ñ–∫–∞—Ü—ñ—è –º–æ–≤–∞ –ø–µ—Ä—à —á–µ—Ä–≥—É‚Ä¶
108,Toxic,"20 —Ç—ã—â –ø—ñ–¥–ø–∏—Å–Ω–∏–∫—ñ–≤, —Ç–∞ –≤–∞—â–µ, —Ç–∞–∫–∞ –≤–∞–∂–ª–∏–≤–∞ –ø—Ç–∏—Ü—èüòÑ –°–µ—Ä–π–æ–∑–Ω–æ? –ó—ñ –∑–¥–∞–≤–∞—Ç–∏—Å—è, –∞ –Ω–µ –±—É—Ç–∏ —Ä–µ–∞–ª—å–Ω–æ –ø–µ—Ä–µ–∫–æ—Å. –ù—É —á–æ–º—É –± –Ω–µ –≤–∏–∫–æ—Ä–∏—Å—Ç–∞—Ç–∏ —Ç—ñ —Å–∞–º—ñ –≥—Ä–æ—à—ñ –Ω–µ –Ω–µ —Ç–æ–Ω–Ω—É –Ω–µ–ø–æ—Ç—Ä—ñ–±–Ω–∏—Ö —à–º–æ—Ç–æ–∫, –∞ –Ω–∞ –≤–∏–Ω–∞–π–º —Ö–æ—Ä–æ—à–æ—ó –∫–≤–∞—Ä—Ç–∏—Ä–∏ –≤ –ö–∏—î–≤—ñ —Ç–∞ —è–∫–µ—Å—å –¥–æ–∑–≤—ñ–ª–ª—è? –í–∑–∞–≥–∞–ª—ñ –Ω–µ —Ä–æ–∑—É–º—ñ—é",Toxic,–ø—ñ–¥–ø–∏—Å–Ω–∏–∫—ñ–≤ –≤–∞—â–µ –ø—Ç–∏—Ü—èüòÑ —Å–µ—Ä–π–æ–∑–Ω–æ –∑–¥–∞–≤–∞—Ç–∏—Å—è —Ä–µ–∞–ª—å–Ω–æ –ø–µ—Ä–µ–∫–æ—Å –≤–∏–∫–æ—Ä–∏—Å—Ç–∞—Ç–∏ –≥—Ä–æ—à—ñ —Ç–æ–Ω–Ω–∞ –Ω–µ–ø–æ—Ç—Ä—ñ–±–Ω–∏–π —à–º–æ—Ç–æ–∫ –≤–∏–Ω–∞–π–º —Ö–æ—Ä–æ—à–∏–π –∫–≤–∞—Ä—Ç–∏—Ä–∞ –∫–∏–π —è–∫–∏–π—Å—å –¥–æ–∑–≤—ñ–ª–ª—è –≤–∑–∞–≥–∞–ª—ñ —Ä–æ–∑—É–º—ñ—Ç–∏
109,Not_Toxic,"–Ω–µ –ø–µ—Ä–µ–∂–∏–≤–∞–π—Ç–µ, –Ω—ñ—Ö—Ç–æ –Ω–∞—Å–ø—Ä–∞–≤–¥—ñ –∑ –≤–∞—Å –Ω–µ –∫—Ä–∞—â–µ)",Not_Toxic,–ø–µ—Ä–µ–∂–∏–≤–∞—Ç–∏ –Ω—ñ—Ö—Ç–æ –Ω–∞—Å–ø—Ä–∞–≤–¥—ñ
110,Not_Toxic,"–ë–æ–∂–µ –ú–∏–ª–æ—Å–µ—Ä–¥–Ω–∏–π –∑–º–∏–ª—É–π—Å—è –Ω–∞–¥ –£–∫—Ä–∞—ó–Ω–æ—é, –¥–æ–ø–æ–º–æ–∂–∏,–°–ø–∞—Å–∏ –ü–æ–º–∏–ª—É–π, –ó–±–µ—Ä–µ–∂–∏! –î—è–∫—É—é!",Not_Toxic,–±–æ–≥ –º–∏–ª–æ—Å–µ—Ä–¥–Ω–∏–π –∑–º–∏–ª—É–≤–∞—Ç–∏—Å—è –£–∫—Ä–∞—ó–Ω–∞ –¥–æ–ø–æ–º–æ–≥—Ç–∏ —Å–ø–∞—Å—Ç–∏ –ø–æ–º–∏–ª—É–≤–∞—Ç–∏ –∑–±–µ—Ä–µ–≥—Ç–∏
111,Toxic,–ñ–∏—Ç—Ç—è –∫–∞–±–ª—É–∫–∞ –¥—É–∂–µ —Ç—è–∂–∫–µ ,Toxic,–∫–∞–±–ª—É–∫–∞ —Ç—è–∂–∫–∏–π
112,Not_Toxic,"–ö–ª–∞—Å, –∫—Ä—É—Ç–∞ —Å—ñ–º'—è. –©–∞—Å—Ç—è –≤–∞–º!!!!!",Not_Toxic,–∫–ª–∞—Å –∫—Ä—É—Ç–∏–π —Å—ñ–º'—è —â–∞—Å—Ç—è
113,Not_Toxic,–¢—Ä–µ–±–∞ –≤—á–∏—Ç–∏—Å—è –ø—Ä–∞—Ü—é–≤–∞—Ç–∏ –∑ –∞—É–¥–∏—Ç–æ—Ä—ñ—î—é.,Toxic,–≤—á–∏—Ç–∏—Å—è –ø—Ä–∞—Ü—é–≤–∞—Ç–∏ –∞—É–¥–∏—Ç–æ—Ä—ñ—è
114,Not_Toxic,"–ü–∞–Ω—ñ –ö–∞—Ç–µ—Ä–∏–Ω–æ, —É –í–∞—Å —Å–æ–Ω—è—á–Ω–∞ –ø–æ—Å–º—ñ—à–∫–∞. –ë–∞–∂–∞—é –í–∞–º —Ä–µ–∞–ª—ñ–∑–∞—Ü—ñ—ó –í–∞—à–∏—Ö —ñ–¥–µ–π —Ç–∞ –∑–∞–¥—É–º–æ–∫, –Ω–∞–≤—ñ—Ç—å –Ω–∞–π—à–∞–ª–µ–Ω—ñ—à–∏—Ö! –ù–µ—Ö–∞–π —â–∞—Å—Ç–∏—Ç—å!",Not_Toxic,–ø–∞–Ω—è –ö–∞—Ç–µ—Ä–∏–Ω–∞ —Å–æ–Ω—è—á–Ω–∏–π –ø–æ—Å–º—ñ—à–∫–∞ –±–∞–∂–∞—Ç–∏ —Ä–µ–∞–ª—ñ–∑–∞—Ü—ñ—è –≤–∞—à —ñ–¥–µ—è –∑–∞–¥—É–º–æ–∫ –Ω–∞–π—à–∞–ª–µ–Ω—ñ—à–∏—Ö –Ω–µ—Ö–∞–π —â–∞—Å—Ç–∏—Ç–∏
115,Not_Toxic,–ù–∞–≤—ñ—Ç—å —Ñ–æ—Ç–æ —î –±—ñ–ª—è –æ–ø–µ—Ä–Ω–æ–≥–æ —Ç–µ–∞—Ç—Ä—É —Ç–∞ –±–∞–ª–µ—Ç—É,Not_Toxic,—Ñ–æ—Ç–æ –±—ñ–ª—è –æ–ø–µ—Ä–Ω–∏–π —Ç–µ–∞—Ç—Ä –±–∞–ª–µ—Ç
116,Not_Toxic,–°–ª–∞–≤–∞ –£–∫—Ä–∞—ó–Ω—ñ!!!!! –°–ª–∞–≤–∞ –ó–°–£!,Not_Toxic,—Å–ª–∞–≤–∞ –£–∫—Ä–∞—ó–Ω–∞ —Å–ª–∞–≤–∞
117,Not_Toxic,–ù–µ –∞–∫—Ç—É–∞–ª—å–Ω–æ. –í–∏–ø—É—Å–∫ –≤–∏—Ö–æ–¥–∏—Ç—å –∑ –≤–µ–ª–∏–∫–æ—é –∑–∞—Ç—Ä–∏–º–∫–æ—é. –î–∏–≤–∏—Ç–∏—Å—å –Ω–µ—Ü—ñ–∫–∞–≤–æ. –ù–∞ –∂–∞–ª—å.,Toxic,–∞–∫—Ç—É–∞–ª—å–Ω–æ –≤–∏–ø—É—Å–∫ –≤–∏—Ö–æ–¥–∏—Ç–∏ –≤–µ–ª–∏–∫–∏–π –∑–∞—Ç—Ä–∏–º–∫–∞ –¥–∏–≤–∏—Ç–∏—Å—è –Ω–µ—Ü—ñ–∫–∞–≤–æ –∂–∞–ª—å
118,Not_Toxic,"–ó–∞–≥–∞–ª–æ–º –¢–£–ü–û, –≤—Å–µ –≤—ñ–¥–µ–æ —Ç—É–ø–µ",Toxic,–∑–∞–≥–∞–ª —Ç—É–ø–æ –≤—ñ–¥–µ–æ —Ç—É–ø–∏–π
119,Not_Toxic,–î—è–∫—É—é –õ—é–±–æ—á–∫–æ –∑–∞ —Ü—ñ–∫–∞–≤—É –≥–æ—Å—Ç—é —ñ –ø–∏—Ç–∞–Ω–Ω—è –ø–æ –°—É–º—â–∏–Ω—ñ. –î—è–∫—É—é –õ—é–¥–æ—á–∫–æ –∑–∞ —á—ñ—Ç–∫—É —ñ–Ω—Ñ–æ—Ä–º–∞—Ü—ñ—é. —É–∂–µ —Å–ø—Ä–∞–≤–¥–∂—É—é—Ç—å—Å—è,Not_Toxic,–ª—é–±–æ—á–∫–æ —Ü—ñ–∫–∞–≤–∏–π –≥–æ—Å—Ç—è –ø–∏—Ç–∞–Ω–Ω—è —Å—É–º—â–∏–Ω—ñ –ª—é–¥–æ—á–∫–æ —á—ñ—Ç–∫–∏–π —ñ–Ω—Ñ–æ—Ä–º–∞—Ü—ñ—è —Å–ø—Ä–∞–≤–¥–∂—É—é—Ç—å—Å—è
120,Not_Toxic,"–ª–∞–ø–æ—Ç—å –∑–∞–≤–∂–¥–∏ —à—É–∫–∞—Ç–∏–º–µ —Å–æ–±—ñ –≥–æ—Å–ø–æ–¥–∞—Ä—ñ–≤. —â–µ –Ω–µ –≤—ñ–¥–æ–º–æ, –Ω–∞—Å–∫—ñ–ª—å–∫–∏ –≥—ñ—Ä—à–∏–º –±—É–¥–µ –Ω–∞—Å—Ç—É–ø–Ω–∏–π —Ü–∞—Ä —Ä—É—Å—ñ.",Toxic,–ª–∞–ø–æ—Ç—å —à—É–∫–∞—Ç–∏ –≥–æ—Å–ø–æ–¥–∞—Ä –≤—ñ–¥–æ–º–æ –Ω–∞—Å–∫—ñ–ª—å–∫–∏ –≥—ñ—Ä—à–∏–π –Ω–∞—Å—Ç—É–ø–Ω–∏–π —Ä—É—Å
121,Toxic,"–ï—Ö, –Ω–µ –≤—ñ—Ä–∏—Ç—å—Å—è, —â–æ —Ç–µ–±–µ –≤–∂–µ –Ω–µ–º–∞ 7,5 —Ä–æ–∫—ñ–≤",Not_Toxic,–≤—ñ—Ä–∏—Ç–∏—Å—è –Ω–µ–º–∞
122,Not_Toxic,"–°–µ—Ä—ñ–∞–ª –∫–ª–∞—Å–Ω–∏–π. –ê–ª–µ —Å–∫—ñ–ª—å–∫–∏ –∂ –∑–∞–±—É–¥–æ–≤–Ω–∏–∫ –ú–µ–ª—å–Ω–∏–∫ –≤–∫–ª–∞–≤ —É –Ω—å–æ–≥–æ? –°–ø—ñ–≤–ø—Ä–∞—Ü—è –∑ –∫—Ä–∞–¥—ñ—î–º –Ω–µ –Ω–∞ —á–µ—Å—Ç—å –Ω–∞—à–æ–º—É –∫—ñ–Ω–µ–º–∞—Ç–æ–≥—Ä–∞—Ñ—É. –í –Ü–≤–∞–Ω–æ –§—Ä–∞–Ω–∫—ñ–≤—Å—å–∫—É –∫–∏–Ω—É–≤ —Å–æ—Ç–Ω—ñ —ñ–Ω–≤–µ—Å—Ç–æ—Ä—ñ–≤ , —â–æ –≤–∫–ª–∞–ª–∏ –∫–æ—à—Ç–∏ –≤ –∫–æ–º–ø–ª–µ–∫—Å –°–º–∞—Ä–∞–≥–¥–æ–≤—ñ –≤–µ–∂—ñ. –ó–Ω–∞–≤, —â–æ –±—É–¥–µ –≤—ñ–π–Ω–∞ —ñ —á—É–¥–æ–≤–æ –Ω–∞–≥—Ä—ñ–≤ —Ä—É–∫–∏ –Ω–∞ –±—ñ–¥–Ω–∏—Ö –ª—é–¥—è—Ö, —â–æ –µ–∫–æ–Ω–æ–º–∏–ª–∏ –∑–∞–¥–ª—è –∫–≤–∞—Ä—Ç–∏—Ä–∏. –ê —Ç–µ–ø–µ—Ä –ø–æ—á–∞–ª–∏ —Ü—é –≥–∏–¥–æ—Ç—É —Ä–µ–∫–ª–∞–º—É–≤–∞—Ç–∏ –≤ —Ñ—ñ–ª—å–º—ñ. –ü–æ–∑–æ—Ä–∏—Å—å–∫–æ",Toxic,—Å–µ—Ä—ñ–∞–ª –∫–ª–∞—Å–Ω–∏–π –∑–∞–±—É–¥–æ–≤–Ω–∏–∫ –º–µ–ª—å–Ω–∏–∫ –≤–∫–ª–∞—Å—Ç–∏ —Å–ø—ñ–≤–ø—Ä–∞—Ü—è –∫—Ä–∞–¥—ñ—î–º —á–µ—Å—Ç—å –Ω–∞—à –∫—ñ–Ω–µ–º–∞—Ç–æ–≥—Ä–∞—Ñ —ñ–≤–∞–Ω–æ —Ñ—Ä–∞–Ω–∫—ñ–≤—Å—å–∫—É –∫–∏–Ω—É—Ç–∏ —Å–æ—Ç–Ω—è —ñ–Ω–≤–µ—Å—Ç–æ—Ä –≤–∫–ª–∞—Å—Ç–∏ –∫–æ—à—Ç –∫–æ–º–ø–ª–µ–∫—Å —Å–º–∞—Ä–∞–≥–¥–æ–≤—ñ –≤–µ–∂–∞ –∑–Ω–∞—Ç–∏ –≤—ñ–π–Ω–∞ –Ω–∞–≥—Ä—ñ–≤ —Ä—É–∫–∞ –±—ñ–¥–Ω–∏–π –ª—é–¥–∏ –µ–∫–æ–Ω–æ–º–∏—Ç–∏ –∑–∞–¥–ª—è –∫–≤–∞—Ä—Ç–∏—Ä–∞ –ø–æ—á–∞—Ç–∏ –≥–∏–¥–æ—Ç–∞ —Ä–µ–∫–ª–∞–º—É–≤–∞—Ç–∏ —Ñ—ñ–ª—å–º –ø–æ–∑–æ—Ä–∏—Å—å–∫–æ
123,Not_Toxic,–æ–ª–µ–Ω–∞ –∑–µ–ª–µ–Ω—Å—å–∫–∞ —Ç–∞ –¥–æ–ø–æ–º–æ–≥–∞ - —Å–º—ñ—à–Ω–æ!!! –¢–∞ —è–∫–∞ —Å–∏–¥–∏—Ç—å –∑–∞ –∫–æ—Ä–¥–æ–Ω–æ–º —Ç–∞ –Ω—ñ—á–æ–≥–æ –Ω–µ —Ä–æ–±–∏—Ç—å. –õ–∏—â–µ —è–∫—â–æ –±–∞–±–ª–æ –¥–ª—è —Å–µ–±—è —É–ª—é–±–ª–µ–Ω–æ—ó –≤—ñ–∑—å–º–µ. –ö–æ—Ä–æ–ª–µ–≤–∞ –í–µ–ª–∏–∫–æ–±—Ä–∏—Ç–∞–Ω—ñ—ó!!??? ,Not_Toxic,–û–ª–µ–Ω–∞ –∑–µ–ª–µ–Ω—Å—å–∫–∞ –¥–æ–ø–æ–º–æ–≥–∞ —Å–º—ñ—à–Ω–æ —Å–∏–¥—ñ—Ç–∏ –∫–æ—Ä–¥–æ–Ω —Ä–æ–±–∏—Ç–∏ –ª–∏—â–µ –±–∞–±–ª–æ —Å–µ–±—è —É–ª—é–±–ª–µ–Ω–∏–π –≤–∑—è—Ç–∏ –∫–æ—Ä–æ–ª—ñ–≤ –í–µ–ª–∏–∫–æ–±—Ä–∏—Ç–∞–Ω—ñ—è
124,Not_Toxic,–•—Ç–æ –∑–∞ –ø–µ—Ä–µ–º–æ–≥—É –£–∫—Ä–∞—ó–Ω–∏ —Å—Ç–∞–≤–∏–º–æ –ª–∞–π–∫,Not_Toxic,–ø–µ—Ä–µ–º–æ–≥–∞ –£–∫—Ä–∞—ó–Ω–∞ —Å—Ç–∞–≤–∏—Ç–∏ –ª–∞–π–∫
125,Toxic,"–ü—É—Ç—ñ–Ω –∑–±—Ä–µ—Ö–∞–≤. –®–æ, –æ–ø—è—Ç—å?",Toxic,–ü—É—Ç—ñ–Ω –∑–±—Ä–µ—Ö–∞—Ç–∏ –æ–ø—è—Ç—å
126,Toxic,–Ø –ù–ï –ë–ê–ß–ò–í –£ –õ–¨–í–û–í–Ü –¢–ê–î–ñ–ú–ê–•–ê–õ,Not_Toxic,–±–∞—á–∏—Ç–∏ –õ—å–≤—ñ–≤ —Ç–∞–¥–∂–º–∞—Ö–∞–ª
127,Not_Toxic,"–°—É—É—É—É—É—É—É—É—É–ø–ø–ø–ø–µ–µ–µ–µ–µ—Ä! –î—è–∫—É—é! –ë–ª–∞–≥–æ–î–∞—Ä—é! –¶–µ –ú–∞–π–±—É—Ç–Ω—î! –î—É—É—É—É—É—É—É–∂–µ –∫–∞–π—Ñ–æ–Ω—É–≤! –•–æ—á—É —Ç–∞–∫ —Å–∞–º–æ —ñ –Ω–∞–≤—ñ—Ç—å –∫—Ä–∞—â–µ)) –£—Å—ñ–º –º–∏—Ä—É, —â–∞—Å—Ç—è —Ç–∞ –ª—é–±–æ–≤—ñ)",Not_Toxic,—Å—É—É—É—É—É—É—É—É—É–ø–ø–ø–ø–µ–µ–µ–µ–µ—Ä –±–ª–∞–≥–æ–¥–∞—Ä—é –º–∞–π–±—É—Ç–Ω—ñ–π –¥—É—É—É—É—É—É—É–∂–µ –∫–∞–π—Ñ–æ–Ω—É–≤ —Ö–æ—Ç—ñ—Ç–∏ —Å–∞–º —É—Å–µ —â–∞—Å—Ç—è –ª—é–±–æ–≤
128,Not_Toxic,"–Ø–∫–∞ –∂ –≤–æ–Ω–∞ –∫—Ä–∞—Å–∏–≤–∞) —É –≤—ñ–¥–µ–æ –ø–æ—Å—Ç—à–æ—É –Ω–∞–≤—ñ—Ç—å –∫—Ä–∞—Å–∏–≤—ñ—à–∞ –Ω—ñ–∂ –Ω–∞ —Ñ—ñ–Ω–∞–ª—ñ, —Ç–∞–∫–∞ –ø—Ä–∏—Ä–æ–¥–Ω—è —ñ –Ω—ñ–∂–Ω–∞)",Not_Toxic,–∫—Ä–∞—Å–∏–≤–∏–π –≤—ñ–¥–µ–æ –ø–æ—Å—Ç—à–æ—É –∫—Ä–∞—Å–∏–≤—ñ—à–∞ —Ñ—ñ–Ω–∞–ª –ø—Ä–∏—Ä–æ–¥–Ω—è –Ω—ñ–∂–Ω–∏–π
129,Not_Toxic,"–î—è–∫—É—é. –ó–∞–≤–¥—è–∫–∏ –≤–∞—à–æ–º—É –∫–∞–Ω–∞–ª—É –≤–∂–µ –∑–∞–∫–∞–∑–∞–ª–∞ —Å–æ–±—ñ —Å—É–º–∫—É –∑—ñ–Ω–∫–∞, –ø—ñ–¥–ø–∏—Å–∞–ª–∞—Å—å –Ω–∞ 15 —ñ–Ω—Å—Ç–∞-–Ω–∞—à–∏—Ö —É–∫—Ä–∞—ó–Ω—Å—å–∫–∏—Ö –º–æ–¥–Ω–∏—Ö –º–∞–≥–∞–∑–∏–Ω—ñ–≤.",Not_Toxic,–∑–∞–≤–¥—è–∫–∏ –≤–∞—à –∫–∞–Ω–∞–ª –∑–∞–∫–∞–∑–∞–ª–∞ —Å—É–º–∫–∞ –∑—ñ–Ω–∫–∞ –ø—ñ–¥–ø–∏—Å–∞–ª–∞—Å—å —ñ–Ω—Å—Ç–∞ –Ω–∞—à —É–∫—Ä–∞—ó–Ω—Å—å–∫–∏–π –º–æ–¥–Ω–∏–π –º–∞–≥–∞–∑–∏–Ω
130,Toxic,–í—ñ—Ç–∞—é –∑ –≤–∏—Ö–æ–¥–æ–º –Ω–∞ –Ω–æ–≤–∏–π —Ä—ñ–≤–µ–Ω—å) —Ç–µ–ø–µ—Ä —ñ –Ω–∞—à—ñ –±–∞—Ç—å–∫–∏ —â–æ—Å—å –∞–¥–µ–∫–≤–∞—Ç–Ω–µ –ø–æ–±–∞—á–∞—Ç—å ,Not_Toxic,–≤—ñ—Ç–∞—Ç–∏ –≤–∏—Ö—ñ–¥ –Ω–æ–≤–∏–π —Ä—ñ–≤–µ–Ω—å –±–∞—Ç—å–∫–æ —â–æ—Å—å –∞–¥–µ–∫–≤–∞—Ç–Ω–∏–π –ø–æ–±–∞—á–∏—Ç–∏
131,Not_Toxic,–ö–æ—Ä—É–º–ø–æ–≤–∞–Ω–∞ –í–ª–∞–¥–∞ –ó–µ–ª–µ–Ω—Å—å–∫–æ–≥–æ –Ω—ñ—á–æ–≥–æ –Ω–µ –ø–æ–º–∞–≥–∞—é—Ç—å –≤—ñ–π—Å—å–∫–æ–≤–∏–º –∞—Ä–º—ñ—ó –ø–µ—Ä–µ—Å–µ–ª–µ–Ω—Ü—è–º –Ω–∞ .,Toxic,–∫–æ—Ä—É–º–ø–æ–≤–∞–Ω–∞ –≤–ª–∞–¥–∞ –∑–µ–ª–µ–Ω—Å—å–∫–æ–≥–æ –ø–æ–º–∞–≥–∞—Ç–∏ –≤—ñ–π—Å—å–∫–æ–≤–∏–π –∞—Ä–º—ñ—è –ø–µ—Ä–µ—Å–µ–ª–µ–Ω—Ü—è–º
132,Not_Toxic,–î—è–∫—É—é.–≤–∞–º.–Ω–∞—à—ñ.—Ä—ñ–¥–Ω—ñ.–¥—è–∫—É—é.–∑–∞.–≤–∞—à—ñ.—Ç–∞–∫—ñ.–ø—Ä–µ–∫—Ä–∞—Å–Ω—ñ.–∑–æ–ª–æ—Ç—ñ.—Ä—É—á–∫–∏.–Ω–µ—Ö–∞–π.–≤–æ–Ω–∏.–Ω—ñ–∫–æ–ª–∏.–Ω–µ.–∑–Ω–∞—é—Ç—å.–≤—Ç–æ–º–∏,Not_Toxic,—Ä—ñ–¥–Ω—è –ø—Ä–µ–∫—Ä–∞—Å–Ω–∏–π –∑–æ–ª–æ—Ç–æ —Ä—É—á–∫–∞ –Ω–µ—Ö–∞–π –∑–Ω–∞—Ç–∏ –≤—Ç–æ–º–∞
133,Not_Toxic,"–í—ñ—Ç–∞–Ω–Ω—è –∑ –ü–æ–ª—Ç–∞–≤—â–∏–Ω–∏! –õ—é–¥–∏ –¥–æ–±—Ä—ñ, –¥–∞–π –≤–∞–º –±–æ–∂–µ –∑–¥–æ—Ä–æ–≤'—è, —Ä–∞–¥–æ—Å—Ç—ñ, —Ç–∞ —â–æ–±–∏ –º–∏ —É—Å—ñ —Ä–∞–∑–æ–º –¥–æ—á–µ–∫–∞–ª–∏—Å—è –ø–æ–≤–µ—Ä–Ω–µ–Ω–Ω—è –Ω–∞—à–∏—Ö –∑–∞—Ö–∏—Å–Ω–∏–∫—ñ–≤ —É —Ä–æ–¥–∏–Ω–∏, –¥–æ–¥–æ–º—É!  –í–∏ —Ç–∞–∫–µ –¥–æ–±—Ä–µ –¥—ñ–ª–æ —Ä–æ–±–∏—Ç–µ, —Ç–∞–∫ –∑ –¥—É—à–µ—é, —â–∏—Ä–æ, –ø–æ-–Ω–∞—à–æ–º—É, —â–æ –∑–∞—Ö–æ—Ç—ñ–ª–æ—Å—è –¥–æ–ø–æ–º–∞–≥–∞—Ç–∏, —Ö–æ—á–∞ –±–∏ –º–∞—Ç–µ—Ä—ñ–∞–ª—å–Ω–æ, —Ö–æ—á–∞ –±–∏ –Ω–∞ –∫—ñ–ª—å–∫–∞ –ø–∏—Ä—ñ–∂–∫—ñ–≤.  –†–∞–∑–æ–º –¥–æ –ø–µ—Ä–µ–º–æ–≥–∏! ",Not_Toxic,–≤—ñ—Ç–∞–Ω–Ω—è –ø–æ–ª—Ç–∞–≤—â–∏–Ω–∏ –¥–æ–±—Ä–∞ –±–æ–≥ –∑–¥–æ—Ä–æ–≤'—è —Ä–∞–¥—ñ—Å—Ç—å —â–æ–±–∏ —Ä–∞–∑ –¥–æ—á–µ–∫–∞—Ç–∏—Å—è –ø–æ–≤–µ—Ä–Ω–µ–Ω–Ω—è –Ω–∞—à –∑–∞—Ö–∏—Å–Ω–∏–∫ —Ä–æ–¥–∏–Ω–∞ –¥–æ–¥–æ–º—É –¥—ñ—Ç–∏ —Ä–æ–±–∏—Ç–∏ –¥—É—à–∞ —â–∏—Ä–æ –Ω–∞—à –∑–∞—Ö–æ—Ç—ñ—Ç–∏—Å—è –¥–æ–ø–æ–º–∞–≥–∞—Ç–∏ –º–∞—Ç–µ—Ä—ñ–∞–ª—å–Ω–æ –ø–∏—Ä—ñ–∂–∫—ñ–≤ —Ä–∞–∑ –ø–µ—Ä–µ–º–æ–≥–∞
134,Not_Toxic,"–¢–∞–∫–∞ –∫—Ä–∞—Å–∏–≤–∞ –≥–µ—Ä–æ—ó–Ω—è, –∞ –≤ –∫—ñ–Ω—Ü—ñ –∑—Ä–æ–±–∏–ª–∏ –º–∞–∫—ñ—è–∂, —è–∫–∏–π –¥–æ–¥–∞–≤ —Ä–æ–∫—ñ–≤ 15 —ñ –Ω–∞–¥—ñ–ª–∏ —Å—É–∫–Ω—é –∞–ª—è "" –¥–ª—è –±–∞–±—É—Å—å"" . –ù–µ –º–æ–∂–Ω–∞ –±—É–ª–æ –ø—ñ–¥—ñ–±—Ä–∞—Ç–∏ —Å—Ç–∏–ª—å–Ω–∏–π –æ–¥–Ω–æ—Ç–æ–Ω–Ω–∏–π –∫–æ—Å—Ç—é–º —á–∏ —Å—É–∫–Ω—é –Ω–∞ —ó—ó –≤—ñ–∫? –á–π 35 , –∞ –Ω–µ 50. –©–æ –∑–∞ –≤—ñ–∑–µ—Ä—É–Ω–∫–∏? 
–Ø –≤–ø–µ–≤–Ω–µ–Ω–∞, —â–æ –∫–æ–ª–∏ –≤–æ–Ω–∞ –≤–º–∏–ª–∞—Å—å —ñ –∑–Ω—è–ª–∞ —Ü–µ–π –∂–∞—Ö, —Ç–æ —Ç–æ–¥—ñ —ñ –ø–æ–±–∞—á–∏–ª–∞ —è–∫–∞ –≤–æ–Ω–∞ —á–∞—Ä—ñ–≤–Ω–∞. 
–ö–æ—Å–º–µ—Ç–æ–ª–æ–≥ –î–æ—Ä–æ—Ñ—î—î–≤–∞- –ø—Ä–æ—Å—Ç–æ —Ñ–µ—è. –í–¥–∞–ª–æ –ø—ñ–¥–∫—Ä–µ—Å–ª–∏–ª–∞ –Ω–∞—Ç—É—Ä–∞–ª—å–Ω—É –∫—Ä–∞—Å—É –¥—ñ–≤—á–∏–Ω–∏.",Not_Toxic,–∫—Ä–∞—Å–∏–≤–∏–π –≥–µ—Ä–æ—ó–Ω—è –∫—ñ–Ω–µ—Ü—å –∑—Ä–æ–±–∏—Ç–∏ –º–∞–∫—ñ—è–∂ –¥–æ–¥–∞—Ç–∏ –Ω–∞–¥—ñ–ª —Å—É–∫–Ω—è –±–∞–±—É—Å—è –ø—ñ–¥—ñ–±—Ä–∞—Ç–∏ —Å—Ç–∏–ª—å–Ω–∏–π –æ–¥–Ω–æ—Ç–æ–Ω–Ω–∏–π –∫–æ—Å—Ç—é–º —Å—É–∫–Ω—è –≤—ñ–∑–µ—Ä—É–Ω–æ–∫ –≤–ø–µ–≤–Ω–µ–Ω–∏–π –≤–º–∏–ª–∞—Å—å –∑–Ω—è—Ç–∏ –ø–æ–±–∞—á–∏—Ç–∏ —á–∞—Ä—ñ–≤–Ω–∏–π –∫–æ—Å–º–µ—Ç–æ–ª–æ–≥ –¥–æ—Ä–æ—Ñ—î—î–≤–∞ –≤–¥–∞—Ç–∏ –ø—ñ–¥–∫—Ä–µ—Å–ª–∏—Ç–∏ –Ω–∞—Ç—É—Ä–∞–ª—å–Ω–∏–π –∫—Ä–∞—Å–∞ –¥—ñ–≤—á–∏–Ω–∞
135,Not_Toxic,"13 –º–∏–Ω –Ω–∞–∑–∞–¥, –æ–æ–æ –æ–±–∞–∂–∞—é",Not_Toxic,–æ–±–∞–∂–∞—é
136,Not_Toxic,"–û–ª–µ–∫—Å—ñ–π—á–∏–∫—É —Ç–≤–æ—è —É–∫—Ä–∞—ó–Ω—Å—å–∫–∞ –º–æ–≤–∞ –Ω–∞–π–∫—Ä–∞—â–∞.
–ê –≤–∏–ø—É—Å–∫ –≤–µ—Å–µ–ª–∏–π,–ø–æ—Å–º—ñ—è–ª–∞—Å—å –∑ —Ç—É–ø–∏—Ö –æ—Ä–∫—ñ–≤",Toxic,–æ–ª–µ–∫—Å—ñ–π—á–∏–∫—É —É–∫—Ä–∞—ó–Ω—Å—å–∫–∏–π –º–æ–≤–∞ –Ω–∞–π–∫—Ä–∞—â–∏–π –≤–∏–ø—É—Å–∫ –≤–µ—Å–µ–ª–∏–π –ø–æ—Å–º—ñ—è—Ç–∏—Å—è —Ç—É–ø–∏–π –æ—Ä–∫—ñ–≤
137,Not_Toxic,"–í–∏ —Å–∏–º–ø–∞—Ç–∏—á–Ω–∞,–≤–µ—Å–µ–ª–∞, —Ü—ñ–ª–µ—Å–ø—Ä—è–º–æ–≤–∞–Ω–∞,–∞–ª–µ –∂—ñ–Ω–∫–∞ —è–∫–∞ –Ω–µ –≤–º—ñ–ª–∞ —Å–µ–±–µ –ª—é–±–∏—Ç–∏(—Å–∞–º–∞ —Ç–∞–∫–∞)",Not_Toxic,—Å–∏–º–ø–∞—Ç–∏—á–Ω–∏–π –≤–µ—Å–µ–ª–∏–π —Ü—ñ–ª–µ—Å–ø—Ä—è–º–æ–≤–∞–Ω–∏–π –∂—ñ–Ω–∫–∞ –≤–º—ñ–ª–∏–π –ª—é–±–∏—Ç–∏
138,Toxic,—É–°–°—Ä–∞—ó–Ω–∞ –º–∞—î —Ç—ñ–ª—å–∫–∏ –•–ï–† –≤—ñ–¥ –†–æ—Å—ñ–π—Å—å–∫–æ–≥–æ –•–µ—Ä—Å–æ–Ω–∞)))),Toxic,—É—Å—Å—Ä–∞—ó–Ω–∞ —Ä–æ—Å—ñ–π—Å—å–∫–æ–≥–æ –•–µ—Ä—Å–æ–Ω
139,Not_Toxic,–ü—Ä–æ —Ç–∞–º–∞–¥—É - —É –º–∞–π–±—É—Ç–Ω—å–æ–º—É –º—ñ–Ω—ñ—Å—Ç—Ä - –∫–ª–∞—Å–Ω–æ! ,Not_Toxic,—Ç–∞–º–∞–¥—É –º–∞–π–±—É—Ç–Ω—ñ–π –º—ñ–Ω—ñ—Å—Ç—Ä –∫–ª–∞—Å–Ω–æ
140,Not_Toxic,–î–µ –ö—Ä–æ–ø–∏–≤–Ω–∏—Ü—å–∫–∏–π? –ì–µ–æ–≥—Ä–∞—Ñ—ñ—é –≤–∑–∞–≥–∞–ª—ñ –Ω–µ –≤—á–∏–ª–∏ –≤ —Å–≤–æ—î–º—É –∂–∏—Ç—Ç—ñ,Toxic,–∫—Ä–æ–ø–∏–≤–Ω–∏—Ü—å–∫–∏–π –≥–µ–æ–≥—Ä–∞—Ñ—ñ—è –≤–∑–∞–≥–∞–ª—ñ –≤—á–∏—Ç–∏ —Å–≤—ñ–π –∂–∏—Ç—Ç—è
141,Not_Toxic,"–û, —Ü–µ —Ç–æ–π —á—É–≤–∞–∫, —è–∫–∏–π –∫—Ä–∏—á–∞–≤: - –ù—ñ—è–∫–æ–≥–æ –º–æ—Å—Ç—É —Ç–∞–º –Ω–µ –±—É–¥–µ! –í–æ–Ω–∏ –±—É–¥—É—Ç—å —Ç—ñ —Å–≤–æ—ó –≤–±–∏–≤–∞—Ç–∏ –Ω–µ –æ–¥–Ω–µ –¥–µ—Å—è—Ç–∏–ª—ñ—Ç—Ç—è!
–¶–µ –¥–æ—Å–ª—ñ–≤–Ω–æ. –ì—Ä–∞–º–æ—Ç–Ω–∏–π –µ–∫—Å–ø–µ—Ä—Ç...)))",Toxic,—á—É–≤–∞–∫ –∫—Ä–∏—á–∞—Ç–∏ –Ω—ñ—è–∫–∏–π –º—ñ—Å—Ç –≤–±–∏–≤–∞—Ç–∏ –æ–¥–µ–Ω –¥–µ—Å—è—Ç–∏–ª—ñ—Ç—Ç—è –¥–æ—Å–ª—ñ–≤–Ω–æ –≥—Ä–∞–º–æ—Ç–Ω–∏–π –µ–∫—Å–ø–µ—Ä—Ç
142,Not_Toxic,–ê –º–æ–∂–Ω–∞ —ó—ó —ñ–Ω—Å—Ç?,Not_Toxic,—ñ–Ω—Å—Ç
143,Not_Toxic,"–°–º–∞–∫ –¥–∏—Ç–∏–Ω—Å—Ç–≤–∞, –¥—è–∫—É—é —â–æ –Ω–∞–≥–∞–¥–∞–ª–∏ —Ä–µ—Ü–µ–ø—Ç–∏.",Not_Toxic,—Å–º–∞–∫ –¥–∏—Ç–∏–Ω—Å—Ç–≤–æ –Ω–∞–≥–∞–¥–∞—Ç–∏ —Ä–µ—Ü–µ–ø—Ç
144,Toxic,–ê –¥–µ –∑–Ω—ñ–º–∞–ª–∏ ???,Not_Toxic,–∑–Ω—ñ–º–∞—Ç–∏
145,Not_Toxic,"–ù–∞—Å–º—ñ—è–ª–∞—Å—å –∫–ª–∞—Å–Ω–µ —à–æ—É, –≤–µ–¥—É—á–∏–π –≤–æ–≥–æ–Ω—å",Not_Toxic,–Ω–∞—Å–º—ñ—è–ª–∞—Å—å –∫–ª–∞—Å–Ω–∏–π –≤–µ–¥—É—á–∏–π –≤–æ–≥–æ–Ω—å
146,Not_Toxic,"–ù–∞—â–æ —Ç–∞–∫—ñ –≤–µ–ª–∏–∫—ñ —Ö–∞—Ç–∏ 170 –º, –≤ –º–µ–Ω–µ –±—É–¥–∏–Ω–æ–∫ 120 —ñ –∑–∞–º–∞—Ö—É—é—Å—å –π–æ–≥–æ –¥–æ–≥–ª—è–¥–∞—Ç–∏",Not_Toxic,–Ω–∞—â–æ –≤–µ–ª–∏–∫–∏–π —Ö–∞—Ç–∞ –±—É–¥–∏–Ω–æ–∫ –∑–∞–º–∞—Ö—É—é—Å—å –¥–æ–≥–ª—è–¥–∞—Ç–∏
147,Not_Toxic,"–î—É–∂–µ —Å–≤—ñ—Ç–ª–∞ –ø–æ–∑–∏—Ç–∏–≤–Ω–∞ —Å—ñ–º'—è! –í–∏ –ø—Ä–µ–∫—Ä–∞—Å–Ω—ñ, —Ç–∞–∫—ñ —Å–≤—ñ—Ç–ª—ñ —ñ —Ç–∞–∫—ñ –ø—Ä–æ—Å—Ç—ñ!",Not_Toxic,—Å–≤—ñ—Ç–ª–æ –ø–æ–∑–∏—Ç–∏–≤–Ω–∏–π —Å—ñ–º'—è –ø—Ä–µ–∫—Ä–∞—Å–Ω–∏–π —Å–≤—ñ—Ç–ª–æ –ø—Ä–æ—Å—Ç–∏–π
148,Not_Toxic,"—á–æ–º—É –Ω–µ –æ–±'—î–¥–Ω—É—é—Ç—å—Å—è —Å–≤—ñ—Ç–ª—ñ –π —Ç–µ–º–Ω—ñ —Å–∏–ª–∏ –∑–∞—Ä–∞–¥–∏ –£–∫—Ä–∞—ó–Ω–∏ —ñ –Ω–µ –≤—ñ–¥–≤–µ–¥—É—Ç—å –±—ñ–¥—É ? –∞–±–æ –ø–æ—Å—Ç–∞–≤–ª—è—Ç—å –∫—É–ø–æ–ª –Ω–∞–π—Å–∏–ª—å–Ω—ñ—à–∏–π ! 
–£–∫—Ä–∞—ó–Ω–∞ –ü–µ—Ä–µ–º–æ–≥–ª–∞  !!!",Not_Toxic,–æ–±'—î–¥–Ω—É—é—Ç—å—Å—è —Å–≤—ñ—Ç–ª–æ —Ç–µ–º–Ω–∏–π —Å–∏–ª–∞ –∑–∞—Ä–∞–¥–∏ –£–∫—Ä–∞—ó–Ω–∞ –≤—ñ–¥–≤–µ—Å—Ç–∏ –±—ñ–¥–∞ –ø–æ—Å—Ç–∞–≤–∏—Ç–∏ –∫—É–ø–æ–ª –Ω–∞–π—Å–∏–ª—å–Ω—ñ—à–∏–π –£–∫—Ä–∞—ó–Ω–∞ –ø–µ—Ä–µ–º–æ–≥—Ç–∏
149,Toxic,"–∞ –±–µ–∑ –º–∞—Ç—ñ–≤ –Ω–µ –º–æ–∂–Ω–∞, —è–∫ –∞–ª–∫–æ–≥–æ–ª—ñ–∫ —Ä–æ–∑–º–æ–≤–ª—è—î",Toxic,–º–∞—Ç—ñ–≤ –∞–ª–∫–æ–≥–æ–ª—ñ–∫ —Ä–æ–∑–º–æ–≤–ª—è—Ç–∏
150,Not_Toxic,"–®–∞–Ω–æ–≤–Ω–∏–π –∫–∞–Ω–∞–ª –°–¢–ë, —Å–∫–∞–∂—ñ—Ç—å –±—É–¥—å –ª–∞—Å–∫–∞, —á–∏ –±—É–¥–µ –¥–æ—Å—Ç—É–ø–Ω–∏–π –ø–µ—Ä–µ–≥–ª—è–¥ –Ω–∞ —é—Ç—É–±—ñ —Ç–∞ —è–∫ —Å–∫–æ—Ä–æ? –î—è–∫—É—é.",Not_Toxic,—à–∞–Ω–æ–≤–Ω–∏–π –∫–∞–Ω–∞–ª —Å–∫–∞–∑–∞—Ç–∏ –ª–∞—Å–∫–∞ –¥–æ—Å—Ç—É–ø–Ω–∏–π –ø–µ—Ä–µ–≥–ª—è–¥ —é—Ç—É–±—ñ —Å–∫–æ—Ä–æ
151,Not_Toxic,–í–∏ –ø—Ä–µ–∫—Ä–∞—Å–Ω—ñ.–ó–¥–æ—Ä–æ–≤'—è –≤—Å—ñ–π –≤–∞—à—ñ–π —Ä–æ–¥–∏–Ω—ñ.,Not_Toxic,–ø—Ä–µ–∫—Ä–∞—Å–Ω–∏–π –∑–¥–æ—Ä–æ–≤'—è –≤–µ—Å—å –≤–∞—à —Ä–æ–¥–∏–Ω–∞
152,Toxic,–í–µ–¥—É—á–∞ –ø–µ—Ä–µ–±–≤–∞—î –≤–µ—Å—å —á–∞—Å,Not_Toxic,–≤–µ–¥—É—á–∏–π –ø–µ—Ä–µ–±–≤–∞—î
153,Not_Toxic,"–§–æ—Ç–æ—Å–µ—Å—ñ—è –≤—ñ–¥–∫—Ä–∏–ª–∞ —Ç–∞–∫—É –Ω–µ–ø–µ—Ä–µ–≤–µ—Ä—à–µ–Ω—É –∂—ñ–Ω–æ—á–Ω—ñ—Å—Ç—å , —â–æ —è –∑—ñ —Å–≤–æ—ó–º–∏ –º–µ–Ω—à–∏–º–∏ —Ñ–æ—Ä–º–∞–º–∏ –ø–æ—á–∞–ª–∞ –∫–æ–º–ø–ª–µ–∫—Å—É–≤–∞—Ç–∏. –õ—é–¥–º–∏–ª–∞ –ø—Ä–æ—Å—Ç–æ –ë–æ–≥–∏–Ω—è 
–î–æ–±—Ä–∞ —ñ –º–∏–ª–∞. –©–∞—Å–ª–∏–≤–∞ –∑–∞ –Ω–µ—ó —ñ —ó—ó —á—É–¥–æ–≤—É —Å—ñ–º'—é ",Not_Toxic,—Ñ–æ—Ç–æ—Å–µ—Å—ñ—è –≤—ñ–¥–∫—Ä–∏—Ç–∏ —Ç–∞–∫–∞ –Ω–µ–ø–µ—Ä–µ–≤–µ—Ä—à–µ–Ω—É –∂—ñ–Ω–æ—á–Ω—ñ—Å—Ç—å —Å–≤—ñ–π –º–µ–Ω—à–∏–π —Ñ–æ—Ä–º–∞ –ø–æ—á–∞—Ç–∏ –∫–æ–º–ø–ª–µ–∫—Å—É–≤–∞—Ç–∏ –õ—é–¥–º–∏–ª–∞ –±–æ–≥–∏–Ω—è –¥–æ–±—Ä–æ –º–∏–ª–æ —â–∞—Å–ª–∏–≤–∏–π —á—É–¥–æ–≤–∏–π —Å—ñ–º'—è
154,Not_Toxic,"–ê —É –º–æ—î—ó –±–∞–±—É—Å—ñ –≤ —Å–µ–ª—ñ –º–∏ —â–µ –ø–∞—Ç–µ–ª—å–Ω—é, —Å–∫–æ–≤–æ—Ä—ñ–¥–∫—É –Ω–∞–∑–∏–≤–∞—î–º–æ —á–∞—Ä–æ—é (—á–∞—Ä–∞)   –î—è–∫—É—é, –¥—É–∂–µ —Ü—ñ–∫–∞–≤–µ —Ç–∞ –ø–æ–∑–∏—Ç–∏–≤–Ω–µ —à–æ—É",Not_Toxic,–º—ñ–π –±–∞–±—É—Å—è —Å–µ–ª–æ –ø–∞—Ç–µ–ª—å–Ω—é —Å–∫–æ–≤–æ—Ä—ñ–¥–∫—É –Ω–∞–∑–∏–≤–∞—Ç–∏ —á–∞—Ä–∞ —á–∞—Ä–∞ —Ü—ñ–∫–∞–≤–∏–π –ø–æ–∑–∏—Ç–∏–≤–Ω–∏–π
155,Not_Toxic,–ù–æ–≤–æ–º–æ–±—ñ–ª—ñ–∑–æ–≤–∞–Ω—ñ=–Ω–æ–≤–æ–ø—Ä–µ—Å—Ç–∞–≤–ª–µ–Ω—ñ,Toxic,–Ω–æ–≤–æ–º–æ–±—ñ–ª—ñ–∑–æ–≤–∞–Ω—ñ –Ω–æ–≤–æ–ø—Ä–µ—Å—Ç–∞–≤–ª–µ–Ω—ñ
156,Not_Toxic,"–¢–∞–∫—ñ —ñ—Å—Ç–æ—Ä—ñ—ó –Ω–∞–¥–∏—Ö–∞—é—Ç—å! –Ø —â–∞—Å–ª–∏–≤–∞, —â–æ –≤ –º–µ–Ω–µ —î —Ç–∞–∫—ñ —Å–ø—ñ–≤–≤—ñ—Ç—á–∏–∑–Ω–∏–∫–∏, —â–æ –ø–æ–≤–µ—Ä—Ç–∞—é—Ç—å –∂–∏—Ç—Ç—è –≤ —Å–µ–ª–∞, —â–æ —Ñ—ñ–ª—å–º—É—é—Ç—å —Ü–µ —Ç–∞ –ø–æ–∫–∞–∑—É—é—Ç—å –∂–∏—Ç–µ–ª—è–º –º—ñ—Å—Ç–∞))) –ù–∞–π —â–∞—Å—Ç–∏—Ç—å —É –≤—Å—ñ—Ö –∑–∞–¥—É–º–∞–Ω–∏—Ö –ø–ª–∞–Ω–∞—Ö!",Not_Toxic,—ñ—Å—Ç–æ—Ä—ñ—è –Ω–∞–¥–∏—Ö–∞—é—Ç—å —â–∞—Å–ª–∏–≤–∏–π —Å–ø—ñ–≤–≤—ñ—Ç—á–∏–∑–Ω–∏–∫ –ø–æ–≤–µ—Ä—Ç–∞—Ç–∏ —Å–µ–ª–æ —Ñ—ñ–ª—å–º—É—é—Ç—å –ø–æ–∫–∞–∑—É–≤–∞—Ç–∏ –∂–∏—Ç–µ–ª—å –º—ñ—Å—Ç–æ —â–∞—Å—Ç–∏—Ç–∏ –∑–∞–¥—É–º–∞–Ω–∏–π –ø–ª–∞–Ω
157,Not_Toxic,–î—É–∂–µ –≤–∞–∂–∫–æ —Å–ª—É—Ö–∞—Ç–∏. –ù–∞–±—ñ—Ä —ñ–Ω—Ñ–æ—Ä–º–∞—Ü—ñ—ó –≤—ñ–¥ –°–ú–Ü.,Toxic,–≤–∞–∂–∫–æ —Å–ª—É—Ö–∞—Ç–∏ –Ω–∞–±—ñ—Ä —ñ–Ω—Ñ–æ—Ä–º–∞—Ü—ñ—è
158,Not_Toxic,"–ó–æ–ª–æ—Ç—ñ —Ä—É—á–∫–∏,–≥–∞—Ä–Ω—ñ –∂—ñ–Ω–æ—á–∫–∏!",Not_Toxic,–∑–æ–ª–æ—Ç–æ —Ä—É—á–∫–∞ –≥–∞—Ä–Ω–∏–π –∂—ñ–Ω–æ—á–∫–∞
159,Not_Toxic,–í–ï–õ–ò–ö–ï —Å–µ—Ä–¥–µ—á–Ω–µ —Å–ø–∞—Å–∏–±—ñ –∑–∞ —Ç–∞–∫—É —á—É–¥–æ–≤—É –ø–æ–¥–æ—Ä–æ–∂ –ø–æ –º–æ—î–º—É —Ä—ñ–¥–Ω–æ–º—É –õ–¨–í–û–í–Ü.,Not_Toxic,–≤–µ–ª–∏–∫–∏–π —Å–µ—Ä–¥–µ—á–Ω–∏–π —Ç–∞–∫–∞ —á—É–¥–æ–≤–∏–π –ø–æ–¥–æ—Ä–æ–∂ –º—ñ–π —Ä—ñ–¥–Ω–∏–π –õ—å–≤—ñ–≤
160,Not_Toxic,"–õ—é–±–æ—á–∫–∞, —è–∫–∞ –∂ –≤–∏ –º–æ–ª–æ–¥–µ—Ü—å! –°–∏–ª –≤–∞–º, —Å–∫–æ—Ä—ñ—à–æ–≥–æ –æ–¥—É–∂–∞–Ω–Ω—è !",Not_Toxic,–ª—é–±–æ—á–∫–∞ –º–æ–ª–æ–¥–µ—Ü—å —Å–∫–æ—Ä—ñ—à–æ–≥–æ –æ–¥—É–∂–∞–Ω–Ω—è
161,Not_Toxic,"–ú–∞—Ç—Ä—å–æ—à–∫–∏, –∑–∞—Ç–∏—Ö–Ω—ñ—Ç—å —ñ –ø—Ä–∏—Å–ª—É—Ö–∞–π—Ç–µ—Å—è –¥–æ —Å–ª—ñ–≤",Toxic,–º–∞—Ç—Ä—å–æ—à–∫–∏ –∑–∞—Ç–∏—Ö–Ω—É—Ç–∏ –ø—Ä–∏—Å–ª—É—Ö–∞—Ç–∏—Å—è —Å–ª–æ–≤–æ
162,Not_Toxic,–ü—Ä–∏—î–º–Ω–æ –±—É–ª–æ –ø–æ—Å–ª—É—Ö–∞—Ç–∏. –£—Å–ø—ñ—Ö—ñ–≤.,Not_Toxic,–ø—Ä–∏—î–º–Ω–æ –ø–æ—Å–ª—É—Ö–∞—Ç–∏ —É—Å–ø—ñ—Ö
163,Toxic,–í–æ–Ω–∞ –±–µ–∑–≥–ª—É–∑–¥–∞. –î–∏—Ç—è—á–∞ —à–∫–æ–¥–∞ ,Toxic,–±–µ–∑–≥–ª—É–∑–¥–∏–π –¥–∏—Ç—è—á–∏–π —à–∫–æ–¥–∞
164,Not_Toxic,–Ø–∫ –∑–∞–≤–∂–¥–∏ —Ñ–µ—î—Ä–∏—á–Ω–æ. –Ø –≥–æ–¥–∏–Ω–∞–º–∏ –º–æ–∂—É –¥–∏–≤–∏—Ç–∏—Å—å —è–∫ —Å—Ç—Ä–∞–∂–¥–∞—é—Ç—å —Ü—ñ –Ω–µ–ª—é–¥–∏.,Toxic,—Ñ–µ—î—Ä–∏—á–Ω–æ –≥–æ–¥–∏–Ω–∞ –º–æ–≥—Ç–∏ –¥–∏–≤–∏—Ç–∏—Å—è —Å—Ç—Ä–∞–∂–¥–∞—Ç–∏ –Ω–µ–ª—é–¥–∏
165,Toxic,"–î–∏–≤–∏–ª–∞—Å—å –í–∞—à –µ—Ñ—ñ—Ä –¥–≤—ñ –Ω–µ–¥—ñ–ª—ñ –Ω–∞–∑–∞–¥ —ñ –í–∏ —Ä–æ–∑–∫–∞–∑—É–≤–∞–ª–∏ —â–æ —á–µ—Ä–µ–∑ –¥–≤—ñ –Ω–µ–¥—ñ–ª—ñ –≤ –ú–∏–∫–æ–ª–∞—î–≤—ñ –æ–±—Å—Ç–∞–Ω–æ–≤–∫–∞ –∑–º—ñ–Ω–∏—Ç—å—Å—è –Ω–∞ –∫—Ä–∞—â–µ –∞ —Ç–µ–ø–µ—Ä –∫–∞–∂–µ—Ç–µ –ø—Ä–æ—Ç–∏–ª–µ–∂–Ω–µ –æ–¥–Ω–∞ –ª–∏—à–µ –±—Ä–µ—Ö–Ω—è, –¥—É—Ä–∏—Ç–µ –ª—é–¥–µ–π?",Toxic,–¥–∏–≤–∏—Ç–∏—Å—è –µ—Ñ—ñ—Ä –Ω–µ–¥—ñ–ª—è —Ä–æ–∑–∫–∞–∑—É–≤–∞—Ç–∏ –Ω–µ–¥—ñ–ª—è –ú–∏–∫–æ–ª–∞—ó–≤ –æ–±—Å—Ç–∞–Ω–æ–≤–∫–∞ –∑–º—ñ–Ω–∏—Ç–∏—Å—è –∫–∞–∑–∞—Ç–∏ –ø—Ä–æ—Ç–∏–ª–µ–∂–Ω–∏–π –æ–¥–µ–Ω –±—Ä–µ—Ö–Ω—è –¥—É—Ä–∏—Ç–∏ –ª—é–¥–∏
166,Not_Toxic,"–ù–∞—Å–ø—Ä–∞–≤–¥—ñ –≤–∏–¥–Ω–æ, —â–æ –≤–æ–Ω–∏ –∫–æ—Ö–∞—é—Ç—å –æ–¥–Ω–µ –æ–¥–Ω–æ–≥–æ. –ë–∞–∂–∞—é –≤–∞–º —â–∞—Å—Ç—è, –º—Ä—ñ–π —ñ —ó—Ö –≤—Ç—ñ–ª–µ–Ω–Ω—è.",Not_Toxic,–Ω–∞—Å–ø—Ä–∞–≤–¥—ñ –≤–∏–¥–Ω–æ –∫–æ—Ö–∞—Ç–∏ –æ–¥–µ–Ω –±–∞–∂–∞—Ç–∏ —â–∞—Å—Ç—è –º—Ä—ñ—è –≤—Ç—ñ–ª–µ–Ω–Ω—è
167,Not_Toxic,–î—É–∂–µ —Ü—ñ–∫–∞–≤–æ !!! –Ø —Å—ñ–¥–∞—é —ó—Å—Ç–∏ —ñ –∑—Ä–∞–∑—É –≤–∫–ª—é—á–∞—é –≤–∞—à–µ –≤—ñ–¥–µ–æ —ñ –ø—Ä–æ—Å—Ç–æ –∫–∞–π—Ñ—É—é)) –í—Å—ñ —Ç–∞–∫—ñ —Å–ø–æ–∫—ñ–π–Ω—ñ —ñ —Ö–æ—Ä–æ—à—ñ —ñ –¥—É–∂–µ –º–∏–ª—ñ,Not_Toxic,—Ü—ñ–∫–∞–≤–æ —Å—ñ–¥–∞—Ç–∏ —ó—Å—Ç–∏ –∑—Ä–∞–∑—É –≤–∫–ª—é—á–∞—Ç–∏ –≤—ñ–¥–µ–æ –∫–∞–π—Ñ—É—é —Å–ø–æ–∫—ñ–π–Ω–∏–π —Ö–æ—Ä–æ—à–∏–π –º–∏–ª–æ
168,Not_Toxic,–î–∏–∑–ª–∞–π–∫ –∑–∞ –º–æ—Å–∫–æ–≤—Å—å–∫—É ( –Ω–µ –º–æ–∂—É —Å–ª—É—Ö–∞—Ç–∏,Toxic,–¥–∏–∑–ª–∞–π–∫ –º–æ—Å–∫–æ–≤—Å—å–∫—É –º–æ–≥—Ç–∏ —Å–ª—É—Ö–∞—Ç–∏
169,Not_Toxic, –ó–∞–∫–æ—Ä–¥–æ–Ω–Ω—É –¥–æ–ø–æ–º–æ–≥—É –≤—ñ–π—Å—å–∫–æ–≤–∏–º —ñ –ø–µ—Ä–µ—Å–µ–ª–µ–Ω—Ü—è–º –ø–µ—Ä–µ–ø—Ä–æ–¥—É—é—Ç—å –≤–∞–≥–æ–Ω–∞–º–∏ –∫–æ–Ω—Ç–µ–π–Ω–µ—Ä–∞–º–∏ —Ñ—É—Ä–∞–º–∏ —á–µ—Ä–µ–∑ –ê–¢–ë –°—ñ–ª—å–ø–æ —ñ –∫–µ—Ä –û–±–ª–∞—Å—Ç—ñ –ó–∞–ø–æ—Ä—ñ–∂–∂—è —ñ —ñ–Ω—à–∏—Ö —ñ –Ñ—Ä–º–∞–∫ –∫–µ—Ä—É—î —Ä–æ–±–æ—Ç–æ—é,Toxic,–∑–∞–∫–æ—Ä–¥–æ–Ω–Ω–∏–π –¥–æ–ø–æ–º–æ–≥–∞ –≤—ñ–π—Å—å–∫–æ–≤–∏–π –ø–µ—Ä–µ—Å–µ–ª–µ–Ω—Ü—è–º –ø–µ—Ä–µ–ø—Ä–æ–¥—É—é—Ç—å –≤–∞–≥–æ–Ω –∫–æ–Ω—Ç–µ–π–Ω–µ—Ä–∞–º–∏ —Ñ—É—Ä–∞–º–∏ —Å—ñ–ª—å–ø–æ –æ–±–ª–∞—Å—Ç—å –ó–∞–ø–æ—Ä—ñ–∂–∂—è —î—Ä–º–∞–∫ –∫–µ—Ä—É–≤–∞—Ç–∏ —Ä–æ–±–æ—Ç–∞
170,Not_Toxic,–ê–Ω—Ç–æ–Ω—ñ–º –¥–æ —Å–ª–æ–≤–∞ –∞–º–æ—Ä–∞–ª—å–Ω–∏–π - —Ü–µ —Ä–æ—Å—ñ–π—Å—å–∫–∏–π. –î–æ—Å–ª—ñ–¥–∂—É–π—Ç–µ –ø–∏—Ç–∞–Ω–Ω—è —è–∫—ñ—Å–Ω—ñ—à–µ!!,Toxic,–∞–Ω—Ç–æ–Ω—ñ–º —Å–ª–æ–≤–æ –∞–º–æ—Ä–∞–ª—å–Ω–∏–π —Ä–æ—Å—ñ–π—Å—å–∫–∏–π –¥–æ—Å–ª—ñ–¥–∂—É–≤–∞—Ç–∏ –ø–∏—Ç–∞–Ω–Ω—è —è–∫—ñ—Å–Ω—ñ—à–µ
171,Not_Toxic,–û —Ö–æ—á —Ç–∞–∫ –≤–∏–≤—á—É –Ω–æ–≤—ñ –ø—Ä–∞–≤–∏–ª–∞,Not_Toxic,–≤–∏–≤—á–∏—Ç–∏ –Ω–æ–≤–∏–π –ø—Ä–∞–≤–∏–ª–æ
172,Not_Toxic,"–î—É–∂–µ –∫–ª–∞—Å–Ω–æ ,–∞–ª–µ –¥–µ –Ω–∞—à–∞ —Å–ø—ñ–≤—É—á–∞ —É–∫—Ä–∞—ó–Ω—Å—å–∫–∞ –º–æ–≤–∞ , —Ü–µ —Å—Ç–æ—Å—É—î—Ç—å—Å—è –≥–æ—Å—Ç—è",Toxic,–∫–ª–∞—Å–Ω–æ —Å–ø—ñ–≤—É—á–∏–π —É–∫—Ä–∞—ó–Ω—Å—å–∫–∏–π –º–æ–≤–∞ —Å—Ç–æ—Å—É–≤–∞—Ç–∏—Å—è –≥—ñ—Å—Ç—å
173,Not_Toxic,"–ë–æ–ª—è—á–µ —â–æ—Ä–∞–∑—É, –∫–æ–ª–∏ –≤–∏–º–æ–≤–ª—è—é—Ç—å —Å–ª–æ–≤–æ –ú–∞—Ä—ñ—É–ø–æ–ª—å. –ü–æ—á–∞–ª–æ —Å—É–º–Ω–æ –ø–æ—á—É—Ç–∏ –Ω–∞–∑–≤–∏ –∑–Ω–∞–π–æ–º–∏—Ö –º—ñ—Å—Ü—å, —ñ —Ü–µ –¥–∞–ª–µ–∫–æ –Ω–µ —É–ª—é–±–ª–µ–Ω—ñ –º–æ—ó –ª–æ–∫–∞—Ü—ñ—ó: –ì–ª–æ—Ä—ñ—è –î–∂–∏–Ω—Å, —Ü–µ–Ω—Ç—Ä–∞–ª—å–Ω–∏–π —Ä–∏–Ω–æ–∫ —Ç–∞ –Ω–∞–≤—ñ—Ç—å –≥—Ä–µ–±–∞–Ω–∏–π –ë–∞—Ä–±–∞—Ä–∏—Å.",Not_Toxic,–±–æ–ª—è—á–µ —â–æ—Ä–∞–∑—É –≤–∏–º–æ–≤–ª—è—Ç–∏ —Å–ª–æ–≤–æ –º–∞—Ä—ñ—É–ø–æ–ª—å –ø–æ—á–∞—Ç–∏ —Å—É–º–Ω–æ –ø–æ—á—É—Ç–∏—Ç–∏ –Ω–∞–∑–≤–∞ –∑–Ω–∞–π–æ–º–∏–π –º—ñ—Å—Ü–µ —É–ª—é–±–ª–µ–Ω–∏–π –ª–æ–∫–∞—Ü—ñ—ó –≥–ª–æ—Ä—ñ—è –¥–∂–∏–Ω—Å —Ü–µ–Ω—Ç—Ä–∞–ª—å–Ω–∏–π —Ä–∏–Ω–æ–∫ –≥—Ä–µ–±–∞–Ω–∏–π –±–∞—Ä–±–∞—Ä–∏—Å
174,Not_Toxic,"–°–∫—ñ–ª—å–∫–∏ —Ä–æ–∫—ñ–≤ —ó–º —ñ –Ω–µ –∑–Ω–∞–≤ , —â–æ —Ü–µ –ø–µ—á–∏–≤–æ –Ω–∞–∑–∏–≤–∞—î—Ç—å—Å—è "" —Ö—Ä—É–ø–∞–Ω–∏–∫–∏""",Not_Toxic,–∑–Ω–∞—Ç–∏ –ø–µ—á–∏–≤–æ –Ω–∞–∑–∏–≤–∞—Ç–∏—Å—è —Ö—Ä—É–ø–∞–Ω–∏–∫–∏
175,Not_Toxic,–•—Ç–æ—Å—å –∑–Ω–∞—î —ó—ó —ñ–Ω—Å—Ç–∞–≥—Ä–∞–º? –¶—ñ–∫–∞–≤–æ –ø–æ–¥–∏–≤–∏—Ç–∏—Å—å –Ω–∞ –∑–º—ñ–Ω–∏,Not_Toxic,—Ö—Ç–æ—Å—å –∑–Ω–∞—Ç–∏ —ñ–Ω—Å—Ç–∞–≥—Ä–∞–º —Ü—ñ–∫–∞–≤–æ –ø–æ–¥–∏–≤–∏—Ç–∏—Å—è –∑–º—ñ–Ω–∞
176,Not_Toxic,–ß–æ–ª–æ–≤—ñ—á–∏—Ö –æ–±—Ä–∞–∑—ñ–≤ –¥–æ—Å–∏—Ç—å –º–∞–ª–æ,Toxic,—á–æ–ª–æ–≤—ñ—á–∏–π –æ–±—Ä–∞–∑
177,Toxic,"19:05
""–í—ñ–¥—Å—Ç–∞–ª–∏–π"" –∑–≤—É—á–∏—Ç—å —è–∫–æ—Å—å –≥—Ä—É–±–æ. –Ø–∫—â–æ ""–≤—ñ–¥—Å—Ç–∞—é—á–∏–π"" —Å–ø—Ä–∏–π–º–∞—î—Ç—å—Å—è —è–∫ ""—É—á–µ–Ω—å, —è–∫–∏–π –≤—ñ–¥—Å—Ç–∞–≤ –≤—ñ–¥ –ø—Ä–æ–≥—Ä–∞–º–∏"", —Ç–æ ""–≤—ñ–¥—Å—Ç–∞–ª–∏–π"" —è–∫ —â–æ—Å—å –æ–±—Ä–∞–∑–ª–∏–≤–µ.",Not_Toxic,–≤—ñ–¥—Å—Ç–∞–ª–∏–π –∑–≤—É—á–∞—Ç–∏ —è–∫–æ—Å—å –≥—Ä—É–±–∞ –≤—ñ–¥—Å—Ç–∞—é—á–∏–π —Å–ø—Ä–∏–π–º–∞—Ç–∏—Å—è —É—á–µ–Ω–Ω—è –≤—ñ–¥—Å—Ç–∞—Ç–∏ –ø—Ä–æ–≥—Ä–∞–º–∞ –≤—ñ–¥—Å—Ç–∞–ª–∏–π —â–æ—Å—å –æ–±—Ä–∞–∑–ª–∏–≤–∏–π
178,Not_Toxic,–£ 2022 —á–µ—Ä–≤–Ω—ñ –Ω–µ —Ç–∞–∫—ñ —Ä–µ–∞–ª—ñ—ó (,Not_Toxic,—á–µ—Ä–≤–µ–Ω—å —Ä–µ–∞–ª—ñ—è
179,Not_Toxic,"–ß—É–¥–æ–≤–∞, –Ω–∞–¥–∏—Ö–∞—é—á–∞ —Ä–æ–¥–∏–Ω–∞! –•–∞–π –≤–∞–º –ë–æ–≥ –ø–æ–º–∞–≥–∞—î! –©–∏—Ä–æ –¥—è–∫—É—é –∑–∞ –≤–∞—à—ñ –≤—ñ–¥–µ–æ, —Ç–∞–∫—ñ –≤—ñ–¥–µ–æ –¥–∞—Ä—É—é—Ç—å –≤—ñ—Ä—É —É –∂–∏—Ç—Ç—è. –°–ª–∞–≤–∞ –ó–°–£! –ó–∞—Ö–∏—Å–Ω–∏–∫–∏ –Ω–∞—à–æ—ó —Ä—ñ–¥–Ω–æ—ó –∑–µ–º–ª—ñ. –°–ª–∞–≤–∞ –ì–µ—Ä–æ—è–º!",Not_Toxic,—á—É–¥–æ–≤–∏–π –Ω–∞–¥–∏—Ö–∞—é—á–∞ —Ä–æ–¥–∏–Ω–∞ –ø–æ–º–∞–≥–∞—Ç–∏ —â–∏—Ä–æ –≤—ñ–¥–µ–æ –≤—ñ–¥–µ–æ –¥–∞—Ä—É–≤–∞—Ç–∏ –≤—ñ—Ä–∞ —Å–ª–∞–≤–∞ –∑–∞—Ö–∏—Å–Ω–∏–∫ –Ω–∞—à —Ä—ñ–¥–Ω–∏–π –∑–µ–º–ª—è —Å–ª–∞–≤–∞ –≥–µ—Ä–æ–π
180,Not_Toxic,"–∫–æ–ª—ñ—Ä –≤–æ–ª–æ—Å—Å—è –∂–∞—Ö–ª–∏–≤–∏–π, —Ç–µ–±–∞ –∑–≤—ñ–ª—å–Ω–∏—Ç–∏ —ó—ó —ñ–º—ñ–¥–∂–º–µ–π–∫–µ—Ä–∞",Toxic,–∫–æ–ª—ñ—Ä –≤–æ–ª–æ—Å—Å—è –∂–∞—Ö–ª–∏–≤–∏–π —Ç–µ–±–∞ –∑–≤—ñ–ª—å–Ω–∏—Ç–∏ —ñ–º—ñ–¥–∂–º–µ–π–∫–µ—Ä–∞
181,Not_Toxic,"–ê —á–æ–≥–æ –Ω–µ –∂–∏—Ç–∏ –Ω–∞ —Ç–∞–º –¥–µ —Ç–∏ –∂–∏–ª–∞, –¥–µ –∑–µ–º–ª—è —Ä–æ–¥—é—á–∞?",Not_Toxic,–∂–∏—Ç–∏ –∂–∏–ª–∏–π –∑–µ–º–ª—è —Ä–æ–¥—é—á–∏–π
182,Not_Toxic,–î—É–∂–µ –≥–∞—Ä–Ω–∞ –¥—ñ–≤—á–∏–Ω–∞ ,Not_Toxic,–≥–∞—Ä–Ω–∏–π –¥—ñ–≤—á–∏–Ω–∞
183,Not_Toxic,"–•–æ—á–µ—Ç—å—Å—è –±—ñ–ª—å—à–µ —Ä—ñ–∑–Ω–∏—Ö —Å—Ç–∏–ª—ñ–≤ –±–∞—á–∏—Ç–∏, –∞ —Ç–æ —è–∫–æ—Å—å –º–∞–π–∂–µ –≤—Å—ñ –≤ –æ–¥–Ω–æ–º—É, –Ω–≤–∂–µ –Ω–∞–±—Ä–∏–¥–ª–æ",Toxic,—Ö–æ—Ç—ñ—Ç–∏—Å—è —Ä—ñ–∑–Ω–∏–π —Å—Ç–∏–ª—å –±–∞—á–∏—Ç–∏ —è–∫–æ—Å—å –æ–¥–µ–Ω –Ω–≤–∂–µ –Ω–∞–±—Ä–∏–¥–Ω—É—Ç–∏
184,Not_Toxic,"–ö–ª–∞—Å, –¥—É–∂–µ —Ü—ñ–∫–∞–≤–µ —à–æ—É",Not_Toxic,–∫–ª–∞—Å —Ü—ñ–∫–∞–≤–∏–π
185,Not_Toxic,"–î—è–∫—É—é —Ç–æ–±—ñ –±–∞–±—É—Å—è - —Å—É—Å—ñ–¥–∫–∞, —Å–º—ñ–ª–∏–≤–∞ –∂—ñ–Ω–∫–∞, –¥–∞–π –±–æ–∂–µ –≤–∞–º –∑–¥–æ—Ä–æ–≤'—è!",Not_Toxic,–±–∞–±—É—Å—è —Å—É—Å—ñ–¥–∫–∞ —Å–º—ñ–ª–∏–≤–∏–π –∂—ñ–Ω–∫–∞ –±–æ–≥ –∑–¥–æ—Ä–æ–≤'—è
186,Not_Toxic,–î–∏–≤–∏—Ç–∏—Å—è —Ü—ñ –≤—ñ–¥–µ–æ –æ–¥–Ω–µ –∑–∞–¥–æ–≤–æ–ª–µ–Ω–Ω—è,Not_Toxic,–¥–∏–≤–∏—Ç–∏—Å—è –≤—ñ–¥–µ–æ –æ–¥–µ–Ω –∑–∞–¥–æ–≤–æ–ª–µ–Ω–Ω—è
187,Toxic,"–†–æ—Å—ñ—è–Ω–µ –Ω–∞—Ö–µ—Ä –∑ –Ω–∞—à–æ—ó —Ç–µ—Ä–∏—Ç–æ—Ä—ñ—ó
–Ü –Ω–µ –ø—Ä–æ—Å—Ç–æ –≤–∞–ª—ñ—Ç—å –∑ –ö—Ä–∏–º—É –∞ –±—ñ–≥–æ–º !!! –ü–æ–ø—Ä–∏–≤–∏–∫–∞–ª–∏ –≤ —É—Å—ñ—Ö –≤—Å–µ –∑–∞–±–∏—Ä–∞—Ç–∏ —ñ –∂–∏—Ç–∏ –Ω–∞ —Ö–∞–ª—è–≤—É –≤–∏—Ä–æ–¥–∫–∏",Toxic,"—Ä–æ—Å—ñ—è–Ω–µ –Ω–∞—Ö–µ—Ä –Ω–∞—à —Ç–µ—Ä–∏—Ç–æ—Ä—ñ—ó
—ñ –≤–∞–ª–∏—Ç–∏ –ö—Ä–∏–º –±—ñ–≥ –ø–æ–ø—Ä–∏–≤–∏–∫–∞–ª–∏ —É–≤–µ—Å—å –∑–∞–±–∏—Ä–∞—Ç–∏ –∂–∏—Ç–∏ —Ö–∞–ª—è–≤–∞ –≤–∏—Ä–æ–¥–∫–∏"
188,Not_Toxic,"–í–∏–±–∞—á—Ç–µ, –∞–ª–µ —ñ–≤–∞—Å—ñ - —Ü–µ –æ—Å–µ–ª–µ–¥–µ—Ü—å, –æ—Å–µ–ª–µ–¥–µ—Ü—å —Ç–µ–∂ –∂—ñ–Ω–æ—á–æ–≥–æ —Ä–æ–¥—É?",Not_Toxic,–≤–∏–±–∞—á–∏—Ç–∏ —ñ–≤–∞—Å—ñ –æ—Å–µ–ª–µ–¥–µ—Ü—å –æ—Å–µ–ª–µ–¥–µ—Ü—å –∂—ñ–Ω–æ—á–∏–π —Ä—ñ–¥
189,Not_Toxic,"–ú–∞—Ä—ñ—è –∂ —Å–∫–∞–∑–∞–ª–∞, —â–æ –Ω–µ–±–µ–∑–ø–µ–∫–∞ –≤ –∑–∞—Ö—ñ–¥–Ω—ñ–π –£–∫—Ä–∞—ó–Ω—ñ, —Ç–∞–∫ —ñ –Ω–µ –ø–æ–¥–∏–≤–∏–ª–∏—Å—å –º—ñ—Å—Ç–∞ –∑–∞—Ö—ñ–¥–Ω–æ—ó –£–∫—Ä–∞—ó–Ω–∏. –í–µ–¥—É—á–∞ –ø–µ—Ä–µ—Ç—è–≥–Ω—É–ª–∞ –≤ —è –õ—É—Ü—å–∫ —ñ –ø—ñ—à–ª–∞ –ø–æ —Ü–µ–Ω—Ç—Ä–∞–ª—å–Ω—ñ–π –£–∫—Ä–∞—ó–Ω–∏ , –≤–∂–µ –∫–∞–∂–µ –∫—ñ–Ω–µ—Ü—å
–î–û –ü–û–ë–ê–ß–ï–ù–ù–Ø, —è –≤ —à–æ—Ü—ñ –≤—ñ–¥ –≤–µ–¥—É—á–æ—ñ",Toxic,"–ú–∞—Ä—ñ—è –Ω–µ–±–µ–∑–ø–µ–∫–∞ –∑–∞—Ö—ñ–¥–Ω–∏–π –£–∫—Ä–∞—ó–Ω–∞ –ø–æ–¥–∏–≤–∏—Ç–∏—Å—è –º—ñ—Å—Ç–æ –∑–∞—Ö—ñ–¥–Ω–∏–π –£–∫—Ä–∞—ó–Ω–∞ –≤–µ–¥—É—á–∏–π –ø–µ—Ä–µ—Ç—è–≥–Ω—É–ª–∞ –õ—É—Ü—å–∫ –ø—ñ—Ç–∏ —Ü–µ–Ω—Ç—Ä–∞–ª—å–Ω–∏–π –£–∫—Ä–∞—ó–Ω–∞ –∫—ñ–Ω–µ—Ü—å
–¥–æ –ø–æ–±–∞—á–µ–Ω–Ω—è —à–æ—Ü—ñ –≤–µ–¥—É—á–æ—ñ"
190,Not_Toxic,–Ø–∫ –∑–∞–≤–∂–¥–∏ —Ç–æ–ø –∫–æ–Ω—Ç–µ–Ω—Ç –Ω–∞ –í–∞—à–æ–º—É –∫–∞–Ω–∞–ª—ñ! –ó–∞ —É–∫—Ä–∞—ó–Ω—Å—å–∫—É –æ–∫—Ä–µ–º–∏–π –ª–∞–π–∫) ,Not_Toxic,–∫–æ–Ω—Ç–µ–Ω—Ç –≤–∞—à –∫–∞–Ω–∞–ª —É–∫—Ä–∞—ó–Ω—Å—å–∫–∏–π –æ–∫—Ä–µ–º–∏–π –ª–∞–π–∫
191,Toxic,–í–∫—É—Å–Ω–∞—è —Ç–æ—á–∫–∞ –¥–ª—è —ó—ó –≥—É–¥–æ—á–∫–∞.,Toxic,–≤–∫—É—Å–Ω–∞—è —Ç–æ—á–æ–∫ –≥—É–¥–æ—á–∫–∞
192,Not_Toxic,"–û–±–æ–∂–Ω—é—é, –∫–æ–ª–∏ –°–µ—Ä–≥—ñ–π –∫–∞–∂–µ ¬´–ë–ù–†¬ª",Not_Toxic,–æ–±–æ–∂–Ω—é—é –°–µ—Ä–≥—ñ–π ¬´–±–Ω—Ä¬ª
193,Not_Toxic,"–¶–µ –Ω–æ—Ä–º–∞–ª—å–Ω–æ - –ø—É—Å—Ç–∏—Ç–∏ —Å–ª—å–æ–∑—É –ø—ñ–¥ –≤–ø–ª–∏–≤–æ–º —Ç–∞–∫–æ–≥–æ –¥–æ–±—Ä–æ–≥–æ –≤—ñ–¥–µ–æ? –î–∞–π –≤–∞–º –ë–æ–≥ —â–∞—Å—Ç—è, –∫–ª–∞—Å–Ω–∞ –º–æ–ª–æ–¥–∞ —É–∫—Ä–∞—ó–Ω—Å—å–∫–∞ —Ä–æ–¥–∏–Ω–∞!",Not_Toxic,–Ω–æ—Ä–º–∞–ª—å–Ω–æ –ø—É—Å—Ç–∏—Ç–∏ —Å–ª—å–æ–∑–∞ –≤–ø–ª–∏–≤ —Ç–∞–∫–∏–π –¥–æ–±—Ä–∏–π –≤—ñ–¥–µ–æ —â–∞—Å—Ç—è –∫–ª–∞—Å–Ω–∏–π –º–æ–ª–æ–¥–∏–π —É–∫—Ä–∞—ó–Ω—Å—å–∫–∏–π —Ä–æ–¥–∏–Ω–∞
194,Not_Toxic,"–Ø–∫—ñ —Ç–∞–ª–∞–Ω–æ–≤–∏—Ç—ñ, –ø—Ä–∞—Ü—å–æ–≤–∏—Ç—ñ, –∑–∞–≤–∑—è—Ç—ñ, –ø–æ–∑–∏—Ç–∏–≤–Ω—ñ –ª—é–¥–∏! –î—è–∫—É—é –∑–∞ —Ä–µ–ø–æ—Ä—Ç–∞–∂.",Not_Toxic,—Ç–∞–ª–∞–Ω–æ–≤–∏—Ç–∏–π –ø—Ä–∞—Ü—å–æ–≤–∏—Ç–∏–π –∑–∞–≤–∑—è—Ç–∏–π –ø–æ–∑–∏—Ç–∏–≤–Ω–∏–π —Ä–µ–ø–æ—Ä—Ç–∞–∂
195,Not_Toxic,–Ø –ø–µ—Ä—à–∏–π –ó–∞–∑–Ω–∞—á—Ç–µ —ó—ó –ë—É–¥—å –ª–∞—Å–∫–∞ —ñ –ª–∞–π–∫–Ω–µ –∫–æ–º–µ–Ω—Ç,Not_Toxic,–∑–∞–∑–Ω–∞—á–∏—Ç–∏ –ª–∞—Å–∫–∞ –ª–∞–π–∫–Ω–µ –∫–æ–º–µ–Ω—Ç
196,Not_Toxic,"–í–ø–æ–¥–æ–±–∞–π–∫–∞ —Ç–∞ –∫–æ–º–µ–Ω—Ç –º—ñ–π –º–∞–ª–µ–Ω—å–∫–∏–π –∞—Ä–≥—É–º–µ–Ω—Ç.""—Ö–æ—á–µ—à –º–∏—Ä—É - –≥–æ—Ç—É–π—Å—è –¥–æ –≤—ñ–π–Ω–∏"" —ñ —Ç—Ä–∏–º–∞–π –ü–æ—Ä–æ—Ö —Å—É—Ö–∏–º .""–ê–ª–µ –Ω–∞—Ä–æ–¥ –æ–±—Ä–∞–≤ –º–∏—Ä —ñ –ø—Ä—ñ–∫–æ–ª—å—á–∏–∫–∏, –∞ –Ω–∞—Ç–æ–º—ñ—Å—Ç—å –æ—Ç—Ä–∏–º–∞–≤ —â–µ –±—ñ–ª—å—à—É –≤—ñ–π–Ω—É!""",Not_Toxic,–≤–ø–æ–¥–æ–±–∞–π–∫–∞ –∫–æ–º–µ–Ω—Ç –º–∞–ª–µ–Ω—å–∫–∏–π –∞—Ä–≥—É–º–µ–Ω—Ç –≥–æ—Ç—É–≤–∞—Ç–∏—Å—è –≤—ñ–π–Ω–∞ —Ç—Ä–∏–º–∞—Ç–∏ –ø–æ—Ä–æ—Ö —Å—É—Ö–∏–π –Ω–∞—Ä–æ–¥ –æ–±—Ä–∞—Ç–∏ –ø—Ä—ñ–∫–æ–ª—å—á–∏–∫–∏ –Ω–∞—Ç–æ–º—ñ—Å—Ç—å –æ—Ç—Ä–∏–º–∞—Ç–∏ –±—ñ–ª—å—à–∏–π –≤—ñ–π–Ω–∞
197,Toxic,"–ó–∞–∫–æ–Ω —Ç–µ–ª–µ–≥–æ–Ω—ñ—ó
–ó–∞–∫–æ–Ω —Ä–∏—Ç—É",Not_Toxic,–∑–∞–∫–æ–Ω —Ç–µ–ª–µ–≥–æ–Ω—ñ—ó–∑–∞–∫–æ–Ω —Ä–∏—Ç–∏–π
198,Not_Toxic,"–ß—É–ª–∏ –ø—Ä–æ —Ö—É—Ç—ñ—Ä –û–±–∏—Ä–æ–∫? –ù–∞ –∫–æ—Ç—Ä–æ–º—É –∂–∏–≤—É—Ç—å –î–≤–æ–∫–æ–ª—ñ—Å–Ω—ñ –•—Ä–æ–Ω—ñ–∫–∏ (–¢–æ –∫–∞–Ω–∞–ª –≤–µ–ª–æ-–º–∞–Ω–¥—Ä—ñ–≤–Ω–∏–∫—ñ–≤ - —á–æ–ª–æ–≤—ñ–∫, –∂—ñ–Ω–∫–∞ —Ç–∞ –º–∞–ª–µ–Ω—å–∫–∏–π –ú–∞—Ä–∫–æ). –ö–ª—å–æ–≤–µ –º—ñ—Å—Ü–µ —è–∫–µ —î –ø—Ä–∏—Ö–∏—Å—Ç–∫–æ–º –¥–ª—è —Ç–≤–æ—Ä—á–∏–∫ —ñ –ø—Ä–æ—Å—Ç–æ –≤—ñ–ª—å–Ω–∏—Ö, —Ö–æ—Ä–æ—à–∏—Ö –ª—é–¥–µ–π.",Not_Toxic,—á—É—Ç–∏ —Ö—É—Ç—ñ—Ä –æ–±–∏—Ä–æ–∫ –∫–æ—Ç—Ä–∏–π –∂–∏—Ç–∏ –¥–≤–æ–∫–æ–ª—ñ—Å–Ω—ñ —Ö—Ä–æ–Ω—ñ–∫ –∫–∞–Ω–∞–ª –≤–µ—Å—Ç–∏ –º–∞–Ω–¥—Ä—ñ–≤–Ω–∏–∫ —á–æ–ª–æ–≤—ñ–∫ –∂—ñ–Ω–∫–∞ –º–∞–ª–µ–Ω—å–∫–∏–π –º–∞—Ä–∫–∞ –∫–ª—å–æ–≤–µ –º—ñ—Å—Ü–µ –ø—Ä–∏—Ö–∏—Å—Ç–∫–æ–º —Ç–≤–æ—Ä—á–∏–∫ –≤—ñ–ª—å–Ω–∏–π —Ö–æ—Ä–æ—à–∏–π –ª—é–¥–∏
199,Not_Toxic,–û—Ü–µ –≤–∏ —Ö–ª–æ–ø—Ü—ñ –º–æ—á–µ—Ç–µ –¥—É–∂–µ –∫–ª–∞—Å–Ω–æ —è –ª–µ–¥—å –∫–∏—à–∫–∏ –Ω–µ –ø–æ—Ä–≤–∞–≤ –°–ª–∞–≤–∞ –£–∫—Ä–∞—ó–Ω—ñ ,Not_Toxic,—Ö–ª–æ–ø–µ—Ü—å –º–æ—á–µ—Ç–µ –∫–ª–∞—Å–Ω–æ –ª–µ–¥—å –∫–∏—à–∫–∞ –ø–æ—Ä–≤–∞—Ç–∏ —Å–ª–∞–≤–∞ –£–∫—Ä–∞—ó–Ω–∞
200,Not_Toxic,"–û–¥–∏–Ω –∑ –Ω–∞–π–∫—Ä–∞—â–∏—Ö —Ñ—ñ–ª—å–º—ñ–≤. 
–î—è–∫—É—î–º–æ –≤—Å—ñ–º",Not_Toxic,–Ω–∞–π–∫—Ä–∞—â–∏–π —Ñ—ñ–ª—å–º –¥—è–∫—É–≤–∞—Ç–∏
201,Not_Toxic,"–î—É–∂–µ –ø—Ä–∏—î–º–Ω–∞ –µ–Ω–µ—Ä–≥–µ—Ç–∏–∫–∞ –≤—ñ–¥ —Ü—ñ—î—ó –ø–∞—Ä–∏! –Ø –±–∞–∂–∞—é –≤–∞–º –≤–∑–∞—î–º–æ—Ä–æ–∑—É–º—ñ–Ω–Ω—è —Ç–∞ –∫–æ—Ö–∞–Ω–Ω—è, —Å–ø–æ–¥—ñ–≤–∞—é—Å—å —â–æ –≤–∏ –∑–º–æ–∂–µ—Ç–µ –ø–æ—á—É—Ç–∏ –æ–¥–∏–Ω –æ–¥–Ω–æ–≥–æ —ñ –∑–≥–∞–¥–∞—Ç–∏ —è–∫ –≤–∏ –∫–æ–ª–∏—Å—å –∫–æ—Ö–∞–ª–∏.",Not_Toxic,–ø—Ä–∏—î–º–Ω–∏–π –µ–Ω–µ—Ä–≥–µ—Ç–∏–∫ –ø–∞—Ä–∞ –±–∞–∂–∞—Ç–∏ –≤–∑–∞—î–º–æ—Ä–æ–∑—É–º—ñ–Ω–Ω—è –∫–æ—Ö–∞–Ω–Ω—è —Å–ø–æ–¥—ñ–≤–∞—Ç–∏—Å—è –∑–º–æ–≥—Ç–∏ –ø–æ—á—É—Ç–∏—Ç–∏ –∑–≥–∞–¥–∞—Ç–∏ –∫–æ–ª–∏—Å—å –∫–æ—Ö–∞—Ç–∏
202,Not_Toxic,"–¢—Ä—ñ–Ω–¥–µ—Ü... –º–µ–Ω—ñ –¥—É–∂–µ –ø–æ–¥–æ–±–∞—é—Ç—å—Å—è –Ω–∞—à—ñ –∂—É—Ä–Ω–∞–ª—ñ—Å—Ç–∏.... —Ü–µ —â–æ, –¥–æ–ø–æ–º–æ–≥–∞ —Ä–æ—Å—ñ—è–Ω–∞–º –≤ –±–æ—Ä–æ—Ç—å–±—ñ –∑ –Ω–∞–º–∏? –•—Ç–æ –∂ —Ä–æ–∑–ø–æ–≤—ñ–¥–∞—î —Ç–∞–∫–µ.? –Ø –¥–∏–≤–ª—é—Å—å –ú–∞—Ä—ñ—é –¢–∏—Ö—É, –Ω—É –¥—É—É—É–∂–µ —Ü—ñ–∫–∞–≤–∞ —ñ –∫–ª–∞—Å–Ω–∞....–Ω–æ –≤–æ–Ω–∞ –∂ —Ç–µ–∂ —á—ñ—Ç–∫–æ –∫–∞–∂–µ –¥–µ —ñ –∫–æ–ª–∏... –Ω—É –ø–æ—Ç—ñ–º —Ü–µ –≤—Å–µ –ø–æ–∫–∞–∂–µ—Ç–µ, –ø—ñ—Å–ª—è –ø—Ä–æ–≤–µ–¥–µ–Ω–Ω–æ—ó –æ–ø–µ—Ä–∞—Ü—ñ—ó... —Ç—É—Ç –∂–µ —Ä–æ—Å—ñ—è–Ω–∏ —Ç–µ–∂ –¥–∏–≤–ª—è—Ç—å—Å—è.",Toxic,—Ç—Ä—ñ–Ω–¥–µ—Ü –ø–æ–¥–æ–±–∞—Ç–∏—Å—è –∂—É—Ä–Ω–∞–ª—ñ—Å—Ç –¥–æ–ø–æ–º–æ–≥–∞ —Ä–æ—Å—ñ—è–Ω–∞–º –±–æ—Ä–æ—Ç—å–±–∞ —Ä–æ–∑–ø–æ–≤—ñ–¥–∞—Ç–∏ –¥–∏–≤–∏—Ç–∏—Å—è –ú–∞—Ä—ñ—è —Ç–∏—Ö–∏–π –¥—É—É—É–∂–µ —Ü—ñ–∫–∞–≤–∏–π –∫–ª–∞—Å–Ω–∏–π —á—ñ—Ç–∫–æ –ø–æ–∫–∞–∑–∞—Ç–∏ –ø—Ä–æ–≤–µ–¥–µ–Ω–Ω–æ—ó –æ–ø–µ—Ä–∞—Ü—ñ—è —Ä–æ—Å—ñ—è–Ω–∏ –¥–∏–≤–∏—Ç–∏—Å—è
203,Not_Toxic,"–Ø–∫ –≤–∑–∞–≥–∞–ª—ñ –º–æ–∂–Ω–∞ —Ç–∞–∫–µ –≤–∏–∫–ª–∞–¥–∞—Ç–∏ –≤ —é—Ç—É–±??? –í–µ–¥—É—á–∞ —Ö–æ—á —Ä–æ–∑—É–º—ñ—î —â–æ —Ä–æ–±–∏—Ç—å?? –¶–µ –∂ –Ω–µ –≤–∞—à –æ—Å–æ–±–∏—Å—Ç–∏–π —Ä–æ–∑–∫–ª–∞–¥‚Ä¶—Ü–µ —Å—Ç—Ä–∞—Ç–µ–≥—ñ—è, –ø—ñ–¥–≥–æ—Ç–æ–≤–∫–∞, –ø—Ä–æ—Ä–∞—Ö—É–Ω–∫–∏ –Ω–∞—à–æ–≥–æ –∫–æ–º–∞–Ω–¥—É–≤–∞–Ω–Ω—è..—á–∏ –±–∞–∂–∞–Ω–Ω—è —Ö–∞–π–ø–∞–Ω—É—Ç–∏ –≤–∏—â–µ –∑–∞ –∑–¥–æ—Ä–æ–≤–∏–π –≥–ª—É–∑–¥??? –ß–∏–º –≤–∏ –≤—ñ–¥—Ä—ñ–∑–Ω—è—î—Ç–µ—Å—å –∑–∞ —Ç–∏—Ö, —Ö—Ç–æ –∑–¥–∞—î –ø–æ–∑–∏—Ü—ñ—ó? –Ø–∫–±–∏ —Ö—Ç–æ—Å—å –∑ –≤–∞—à–æ—ó —Å—ñ–º‚Äô—ó –±—É–≤ –Ω–∞ —Ñ—Ä–æ–Ω—Ç—ñ, –≤–∏ —Ä–æ–∑—É–º—ñ–ª–∏ –± –Ω–∞—Å–∫—ñ–ª—å–∫–∏ —Ü–µ –Ω–µ–±–µ–∑–ø–µ—á–Ω–æ! –í–∏–¥–∞–ª—ñ—Ç—å —Ü–µ!",Not_Toxic,–≤–∑–∞–≥–∞–ª—ñ –≤–∏–∫–ª–∞–¥–∞—Ç–∏ —é—Ç—É–± –≤–µ–¥—É—á–∏–π —Ä–æ–∑—É–º—ñ—Ç–∏ —Ä–æ–±–∏—Ç–∏ –æ—Å–æ–±–∏—Å—Ç–∏–π —Ä–æ–∑–∫–ª–∞–¥‚Ä¶—Ü–µ —Å—Ç—Ä–∞—Ç–µ–≥—ñ—è –ø—ñ–¥–≥–æ—Ç–æ–≤–∫–∞ –ø—Ä–æ—Ä–∞—Ö—É–Ω–æ–∫ –Ω–∞—à –∫–æ–º–∞–Ω–¥—É–≤–∞–Ω–Ω—è –±–∞–∂–∞–Ω–Ω—è —Ö–∞–π–ø–∞–Ω—É—Ç–∏ –≤–∏—â–∏–π –∑–¥–æ—Ä–æ–≤–∏–π –≥–ª—É–∑–¥ –≤—ñ–¥—Ä—ñ–∑–Ω—è—Ç–∏—Å—è –∑–¥–∞–≤–∞—Ç–∏ –ø–æ–∑–∏—Ü—ñ—è —è–∫–±–∏ —Ö—Ç–æ—Å—å –≤–∞—à —Å—ñ–º‚Äô—ó —Ñ—Ä–æ–Ω—Ç —Ä–æ–∑—É–º—ñ—Ç–∏ –Ω–∞—Å–∫—ñ–ª—å–∫–∏ –Ω–µ–±–µ–∑–ø–µ—á–Ω–æ –≤–∏–¥–∞–ª–∏—Ç–∏
204,Not_Toxic,"–¶–µ –¥—É–∂–µ —Ü—ñ–∫–∞–≤–æ, —Ä–æ–º–∞–Ω—Ç–∏—á–Ω–æ –Ω–∞ –ø–µ—Ä—à–∏–π –ø–æ–≥–ª—è–¥, –∞–ª–µ –ö–∞—Ç—è –¥—ñ—Ç–∏ –±—É–¥—É—Ç, —â–æ –¥–∞–ª—ñ? –®–∫–æ–ª–∞, –∑–∞ –¥–µ–∫—ñ–ª—å–∫–∞ –∫–º, –∞–±–æ –æ–Ω–ª–∞–π–Ω, –Ω–µ–∑–Ω–∞—é..",Toxic,—Ü—ñ–∫–∞–≤–æ —Ä–æ–º–∞–Ω—Ç–∏—á–Ω–æ –ø–æ–≥–ª—è–¥ –∫–∞—Ç—è –¥–∏—Ç–∏–Ω–∞ –±—É–¥—É—Ç —à–∫–æ–ª–∞ –¥–µ–∫—ñ–ª—å–∫–∞ –æ–Ω–ª–∞–π–Ω –Ω–µ–∑–Ω–∞—é
205,Toxic,"—â–æ –∑–∞ —Ç—É–ø–µ —à–æ—É, —Ö—Ç–æ –π–æ–≥–æ –∑–Ω—ñ–º–∞–≤",Toxic,—Ç—É–ø–∏–π –∑–Ω—ñ–º–∞—Ç–∏
206,Not_Toxic,–î—É–∂–µ —Å—Ö–æ–∂–∞ —Å—Ç–∞–ª–∞ –Ω–∞ –ó–ª–∞—Ç—É –û–≥–Ω–µ–≤–∏—á,Not_Toxic,—Å—Ö–æ–∂–∏–π —Å—Ç–∞–ª–∏–π –∑–ª–∞—Ç—É –æ–≥–Ω–µ–≤–∏—á
207,Not_Toxic,"–ú–µ–Ω—ñ –ø–æ–¥–æ–±–∞—î—Ç—å—Å—è –≤–æ–Ω–∞ —É –≤—Å—ñ—Ö
–ü–æ–ª–æ–∂–µ–Ω–Ω—è—Ö —Å—É–ø–ø–µ—Ä
–¢–∞–ª–∞–Ω–¥",Toxic,"–ø–æ–¥–æ–±–∞—Ç–∏—Å—è –≤—Å—ñ—Ö
–ø–æ–ª–æ–∂–µ–Ω–Ω—è—Ö —Å—É–ø–ø–µ—Ä
—Ç–∞–ª–∞–Ω–¥"
208,Not_Toxic,–Ø–∫–∏–π –Ω–æ–º–µ—Ä —ñ–∑ –Ø–Ω–æ—é –í–∞–º —Å–ø–æ–¥–æ–±–∞–≤—Å—è –Ω–∞–π–±—ñ–ª—å—à–µ?,Not_Toxic,–Ω–æ–º–µ—Ä –Ø–Ω–∞ —Å–ø–æ–¥–æ–±–∞—Ç–∏—Å—è –Ω–∞–π–±—ñ–ª—å—à–∏–π
209,Toxic,–í –Ω–∞—è–≤–Ω–æ—Å—Ç—ñ –ø–æ–≤–Ω–∞ –¥–µ–≥—Ä–∞–¥–∞—Ü—ñ—è. –Ø–∫ —à–∫–æ–¥–∞ –¥—ñ—Ç–µ–π,Toxic,–Ω–∞—è–≤–Ω—ñ—Å—Ç—å –ø–æ–≤–Ω–∏–π –¥–µ–≥—Ä–∞–¥–∞—Ü—ñ—è —à–∫–æ–¥–∞ –¥—ñ—Ç–∏
210,Not_Toxic,–ù–µ –º–æ–∂–Ω–∞ –≤–∏–ø—É—Å–∫–∞—Ç–∏ —Ç–∞–∫—ñ –µ—Ñ—ñ—Ä–∏. –Ü —ñ–Ω—Ñ–æ—Ä–º–∞—Ü—ñ—é –Ω–µ –º–æ–∂–Ω–∞ —Ç–∞–∫—É –ø–æ–≤—ñ–¥–æ–º–ª—è—Ç–∏. –ö—É–¥–∏ –¥–∏–≤–∏—Ç—å—Å—è –≤–µ–¥—É—á–∞?,Toxic,–≤–∏–ø—É—Å–∫–∞—Ç–∏ –µ—Ñ—ñ—Ä —ñ–Ω—Ñ–æ—Ä–º–∞—Ü—ñ—è —Ç–∞–∫–∞ –ø–æ–≤—ñ–¥–æ–º–ª—è—Ç–∏ –¥–∏–≤–∏—Ç–∏—Å—è –≤–µ–¥—É—á–∏–π
211,Not_Toxic,"–ë–ª—ñ–Ω, –≤–∂–µ —á–∞—Å —Ö–æ—á—É –∑–Ω–∞–π—Ç–∏ –∫–æ–º–µ–Ω—Ç–∞—Ä –ê–Ω—Ç–æ–Ω–∞ –ü—Ç—É—à–∫—ñ–Ω–∞–±–æ–º–±–µ–∑–Ω–∏–π –≤–∏–ø—É—Å–∫! –î—è–∫—É—é –∑–∞ —Ç–µ —â–æ –ø—ñ–¥–Ω—è–ª–∏ –º–µ–Ω—ñ –Ω–∞—Å—Ç—Ä—ñ–π! ",Not_Toxic,–±–ª—ñ–Ω —Ö–æ—Ç—ñ—Ç–∏ –∑–Ω–∞–π—Ç–∏ –∫–æ–º–µ–Ω—Ç–∞—Ä –ê–Ω—Ç–æ–Ω –ø—Ç—É—à–∫—ñ–Ω–∞–±–æ–º–±–µ–∑–Ω–∏–π –≤–∏–ø—É—Å–∫ –ø—ñ–¥–Ω—è—Ç–∏ –Ω–∞—Å—Ç—Ä—ñ–π
212,Not_Toxic,"–ö–ª–∞—Å–Ω–∏–π –≤–∏–ø—É—Å–∫, –∞–¥–∂–µ –Ω–∞—Ä–µ—à—Ç—ñ –ø–æ–∫–∞–∑–∞–ª–∏ —ñ–Ω—à—É —Å—Ç–æ—Ä–æ–Ω—É –≥–ª–∞–º—É—Ä—É. 
–î—ñ–≤—á–∏–Ω–∞ –∫—Ä–∞—Å–∏–≤–∞, –±—É–ª—ñ–Ω–≥ —Ü–µ –∑–∞—ñ—Å–Ω–æ –ø–æ–≥–∞–Ω–æ, –∞–ª–µ –≤–∞–∂–ª–∏–≤–æ –∑—Ä–æ–∑—É–º—ñ—Ç–∏ —à–æ —Ç—ñ –ª—é–¥–∏ –π–æ–±–Ω—É—Ç—ñ, —ñ –ø—Ä–æ–±–ª–µ–º–∞ –Ω–µ –≤ —Ç–æ–±—ñ, –∞ –≤ –Ω–∏—Ö –∑ –≥–æ–ª–æ–≤–æ—é.
–Ø–∫ –ª—é–¥–∏–Ω–∞, —â–æ –≤–∏—Ä–æ—Å–ª–∞ –≤ —Å–µ–ª—ñ, –¥—É–∂–µ –¥–æ–±—Ä–µ —Ä–æ–∑—É–º—ñ—é —ó—ó –ø–æ—á—É—Ç—Ç—è —Ç–∞ –ø—Ä–æ–±–ª–µ–º–∏ —É —Å—Ç–æ—Å—É–Ω–∫–∞—Ö –∑ –±–∞—Ç—å–∫–∞–º–∏. –í –º—ñ—Å—Ç–µ—á–∫–∞—Ö —ñ —Å–µ–ª–∞—Ö —á–æ–º—É—Å—å —Ç–∞–∫ –∑–∞–≤–µ–¥–µ–Ω–æ: —Ä–∞—Ö—É–≤–∞—Ç–∏—Å—å –∑ —á—É–∂–æ—é –¥—É–º–∫–æ—é, –∞ –Ω–µ –∑—ñ —Å–≤–æ—ó–º–∏ –ø–æ—á—É—Ç—Ç—è–º–∏. –©–æ–¥–æ –ª–∞–∫—à–µ—Ä—ñ—Ç —Å—Ç–∏–ª—é, —Ç–æ –¥–ª—è –¥–æ–Ω–±–∞—Å—É —Ç–∞–∫–∏–π —â–æ–≤–Ω—ñ—à–Ω—ñ–π –≤–∏–≥–ª—è–¥ –Ω–æ—Ä–º–∞,—Ü–µ –Ω–µ —Å–µ–∫—Ä–µ—Ç –Ω—ñ –¥–ª—è –∫–æ–≥–æ",Not_Toxic,–∫–ª–∞—Å–Ω–∏–π –≤–∏–ø—É—Å–∫ –ø–æ–∫–∞–∑–∞—Ç–∏ —ñ–Ω—à–∏–π —Å—Ç–æ—Ä–æ–Ω–∞ –≥–ª–∞–º—É—Ä—É –¥—ñ–≤—á–∏–Ω–∞ –∫—Ä–∞—Å–∏–≤–∏–π –±—É–ª—ñ–Ω–≥ –∑–∞—ñ—Å–Ω–æ –ø–æ–≥–∞–Ω–æ –≤–∞–∂–ª–∏–≤–æ –∑—Ä–æ–∑—É–º—ñ—Ç–∏ –π–æ–±–Ω—É—Ç—ñ –ø—Ä–æ–±–ª–µ–º–∞ –≥–æ–ª–æ–≤–∞ –≤–∏—Ä–æ—Å–ª–∏–π —Å–µ–ª–æ —Ä–æ–∑—É–º—ñ—Ç–∏ –ø–æ—á—É—Ç—Ç—è –ø—Ä–æ–±–ª–µ–º–∞ —Å—Ç–æ—Å—É–Ω–æ–∫ –±–∞—Ç—å–∫–∏ –º—ñ—Å—Ç–µ—á–∫–æ —Å–µ–ª–æ —â–æ—Å—å –∑–∞–≤–µ—Å—Ç–∏ —Ä–∞—Ö—É–≤–∞—Ç–∏—Å—è —á—É–∂–∏–π –¥—É–º–∫–∞ —Å–≤—ñ–π –ø–æ—á—É—Ç—Ç—è —â–æ–¥–æ –ª–∞–∫—à–µ—Ä—ñ—Ç —Å—Ç–∏–ª—å –î–æ–Ω–±–∞—Å —â–æ–≤–Ω—ñ—à–Ω—ñ–π –≤–∏–≥–ª—è–¥ –Ω–æ—Ä–º–∞ —Å–µ–∫—Ä–µ—Ç
213,Not_Toxic,"–í–µ–¥—É—á–∞ –æ–¥–Ω–∏–º –æ–±–ª–∞—Å—Ç—è–º –ø—Ä–∏–¥—ñ–ª—è—î –±—ñ–ª—å—à–µ —É–≤–∞–≥–∏ , —ñ–Ω—à–∏–º - –ø–µ—Ä–µ—Ä–∏–≤–∞—î –ø—Ä–æ–≥–Ω–æ–∑ –ú–∞—Ä—ñ—ó.",Toxic,–≤–µ–¥—É—á–∏–π –æ–¥–µ–Ω –æ–±–ª–∞—Å—Ç—å –ø—Ä–∏–¥—ñ–ª—è—Ç–∏ —É–≤–∞–≥–∞ —ñ–Ω—à–∏–π –ø–µ—Ä–µ—Ä–∏–≤–∞—î –ø—Ä–æ–≥–Ω–æ–∑ –ú–∞—Ä—ñ—è
214,Toxic,"–¶–µ–π —Ç–∞—Ç–æ –ø—Ä–æ—Å—Ç–æ –∂–∞—Ö, –º–∞–∫—Å–∏–º–∞–ª—å–Ω–∏–π –∂–∞—Ö ",Toxic,—Ç–∞—Ç–æ –º–∞–∫—Å–∏–º–∞–ª—å–Ω–∏–π
215,Not_Toxic,–†–æ–ª–∏–∫ —ñ–Ω—Ç—Ä–∏–≥—É—î. –ú–∏ –¥—É–∂–µ –ª—é–±–∏–º–æ —Ü–µ –º—ñ—Å—Ç–æ —ñ –∑–∞–ø–ª–∞–Ω—É–≤–∞–ª–∏ –ø–æ–∫–∞–∑–∞—Ç–∏ –π–æ–≥–æ —Å–∏–Ω–æ–≤—ñ. –õ—å–≤—ñ–≤ - –Ω–∞–π–∫—Ä–∞—Å–∏–≤—ñ—à–µ –º—ñ—Å—Ç–æ –£–∫—Ä–∞—ó–Ω–∏ –∑—ñ —Å–∫–ª–∞–¥–Ω–æ—é —Ç–∞ —Ü—ñ–∫–∞–≤–æ—é —ñ—Å—Ç–æ—Ä—ñ—î—é,Not_Toxic,—Ä–æ–ª–∏–∫ —ñ–Ω—Ç—Ä–∏–≥—É—î –ª—é–±–∏—Ç–∏ –º—ñ—Å—Ç–æ –∑–∞–ø–ª–∞–Ω—É–≤–∞—Ç–∏ –ø–æ–∫–∞–∑–∞—Ç–∏ —Å–∏–Ω –õ—å–≤—ñ–≤ –Ω–∞–π–∫—Ä–∞—Å–∏–≤—ñ—à–µ –º—ñ—Å—Ç–æ –£–∫—Ä–∞—ó–Ω–∞ —Å–∫–ª–∞–¥–Ω–∏–π —Ü—ñ–∫–∞–≤–∏–π —ñ—Å—Ç–æ—Ä—ñ—è
216,Not_Toxic,–∑–≤—ñ–¥–∫–∏ —Ä–æ–¥–æ–º —Ü—è –ª—é–¥–∏–Ω–∞? –ó–≤—ñ–¥–∫–∏ –≤—ñ–Ω –∑–Ω–∞—î —É–∫—Ä–∞—ó–Ω—Å—å–∫–µ –≤–æ—Ä–æ–∂—ñ–Ω–Ω—ñ –Ω–∞ –∫–≤–∞—Å–æ–ª—ñ? –í—ñ–Ω –≤–∏—Ä—ñ—Å –≤ –£–∫—Ä–∞—ó–Ω—ñ?,Toxic,–∑–≤—ñ–¥–∫–∏ —Ä—ñ–¥ –∑–≤—ñ–¥–∫–∏ –∑–Ω–∞—Ç–∏ —É–∫—Ä–∞—ó–Ω—Å—å–∫–∏–π –≤–æ—Ä–æ–∂—ñ–Ω–Ω—ñ –∫–≤–∞—Å–æ–ª—ñ –≤–∏—Ä–æ—Å—Ç–∏ –£–∫—Ä–∞—ó–Ω–∞
217,Not_Toxic,"–°–ø–æ–¥–æ–±–∞–ª–∞—Å—è –¥—ñ–≤—á–∏–Ω–∞, —è–∫–∞ —Ö–æ–¥–∏—Ç—å –¥–æ –ª–∞–∑–Ω—ñ. –¢–∞–∫–∞ —Å–æ–±—ñ –º–æ–¥–Ω–∞ –∑–∞–ø–∞–ª—å–Ω–∏—á–∫–∞!
–ê –ö–∏—ó–≤ –∑–∞–≤–∂–¥–∏ –ø—Ä–µ–∫—Ä–∞—Å–Ω–∏–π. –•–∞–π –ë–æ–≥ –±–µ—Ä–µ–∂–µ —Å—Ç–æ–ª–∏—Ü—é –Ω–∞—à–æ—ó —Å–≤—è—Ç–æ—ó –∑–µ–º–ª—ñ —ñ —ó—ó —á–∞—Ä—ñ–≤–Ω–∏—Ö –º–µ—à–∫–∞–Ω—Ü—ñ–≤.",Not_Toxic,—Å–ø–æ–¥–æ–±–∞—Ç–∏—Å—è –¥—ñ–≤—á–∏–Ω–∞ —Ö–æ–¥–∏—Ç–∏ –ª–∞–∑–Ω—è –º–æ–¥–Ω–∏–π –∑–∞–ø–∞–ª—å–Ω–∏—á–∫–∞ –∫–∏–π –ø—Ä–µ–∫—Ä–∞—Å–Ω–∏–π –±–µ—Ä–µ–≥—Ç–∏ —Å—Ç–æ–ª–∏—Ü—è –Ω–∞—à —Å–≤—è—Ç–∏–π –∑–µ–º–ª—è —á–∞—Ä—ñ–≤–Ω–∏–π –º–µ—à–∫–∞–Ω–µ—Ü—å
218,Toxic,–û–≥–æ —è –∑–¥–∏–≤–æ–≤–∞–Ω–∞ –æ—Å—å —É—è–≤—ñ—Ç—å —Ç—Ä–∏—Å—Ç–∞ —Ä–æ–∫—ñ–≤ —ñ –ø–æ–º–µ—Ä—Ç–∏,Toxic,–∑–¥–∏–≤–æ–≤–∞–Ω–∏–π —É—è–≤–∏—Ç–∏ —Ç—Ä–∏—Å—Ç–∞ –ø–æ–º–µ—Ä—Ç–∏
219,Not_Toxic,"–§—Ä–∞–∑–µ–æ–ª–æ–≥—ñ–∑–º ,–∑–Ω–∞—á–µ–Ω–Ω—è —è–∫–æ–≥–æ —á—ñ—Ç–∫–æ —ñ —Å–∞–º–∞ –Ω–µ –º–æ–∂—É –ø–æ—è—Å–Ω–∏—Ç–∏, –º–æ–∂–ª–∏–≤–æ –≤–∏ –∑–º–æ–∂–µ—Ç–µ , "" –ñ–∞–±–∞ —Ü–∏—Ü—å–∫–∏ –¥–∞—Å—Ç—å""",Not_Toxic,—Ñ—Ä–∞–∑–µ–æ–ª–æ–≥—ñ–∑–º –∑–Ω–∞—á–µ–Ω–Ω—è —á—ñ—Ç–∫–æ –º–æ–≥—Ç–∏ –ø–æ—è—Å–Ω–∏—Ç–∏ –º–æ–∂–ª–∏–≤–æ –∑–º–æ–≥—Ç–∏ –∂–∞–±–∞ —Ü–∏—Ü—å–∫–∏ –¥–∞—Ç–∏
220,Not_Toxic,"–ù–µ —Ä–æ—Å—Ç–µ —Ç–∞–º. –¢–æ–º—É —Å–∞–¥–∏ –Ω–µ —Ä–æ—Å—Ç—É—Ç—å. 
–ü—Ä–æ—Å—ñ—Ç—å –¥—Ä—É–∑—ñ–≤, —â–æ–±–∏ –≤–∏—Ä–∏–ª–∏ –≤–∞–º –≥–ª–∏–±–æ–∫—É —ñ —à–∏—Ä–æ–∫—É —è–º—É. –ü–æ—Ç—ñ–º –¥–Ω–æ —è–º–∏ –∑–∞—Å–∏–ø—Ç–µ –≥–ª–∏–Ω–æ—é. –ê –ø–æ—Ç—ñ–º –≤ —Ç—É —è–º—É –≤–∏—Å–∏–ø–∞–π—Ç–µ –≤—Å—ñ —Ö–∞—Ä—á–æ–≤—ñ –∑–∞–ª–∏—à–∫–∏, –±—É—Ä'—è–Ω–∏. –¢–∞–∫ –¥–µ–∫—ñ–ª—å–∫–∞ —Ä–æ–∫—ñ–≤, –ø–æ–∫–∏ —è–º–∞ –Ω–µ –Ω–∞–ø–æ–≤–Ω–∏—Ç—å—Å—è. –ê –ª–∏—à —Ç–æ–¥—ñ —Å–∞–¥–∂–∞–π—Ç–µ –¥–µ—Ä–µ–≤–æ. –û–¥—ñ –≤–æ–Ω–æ –±—É–¥–µ —Ä–æ—Å—Ç–∏.",Not_Toxic,—Ä–æ—Å—Ç–∏ —Å–∞–¥ —Ä–æ—Å—Ç–∏ –ø—Ä–æ—Å–∏—Ç–∏ –¥—Ä—É–∑ —â–æ–±–∏ –≤–∏—Ä–∏–ª–∏ –≥–ª–∏–±–æ–∫–∏–π —à–∏—Ä–æ–∫–∏–π –∑–∞—Å–∏–ø–∞—Ç–∏ –≥–ª–∏–Ω–∞ –≤–∏—Å–∏–ø–∞—Ç–∏ —Ö–∞—Ä—á–æ–≤–∏–π –∑–∞–ª–∏—à–æ–∫ –±—É—Ä'—è–Ω –¥–µ–∫—ñ–ª—å–∫–∞ –Ω–∞–ø–æ–≤–Ω–∏—Ç–∏—Å—è —Å–∞–¥–∂–∞—Ç–∏ –¥–µ—Ä–µ–≤–æ —Ä–æ—Å—Ç–∏—Ç–∏
221,Not_Toxic,–î—è–∫—É—é –∑–∞ –≤—ñ–¥–µ–æ! –û—Ç—Ä–∏–º–∞–ª–∞ –Ω–∞–¥–∑–≤–∏—á–∞–π–Ω–µ –∑–∞–¥–æ–≤–æ–ª–µ–Ω–Ω—è –≤—ñ–¥ –π–æ–≥–æ –ø–µ—Ä–µ–≥–ª—è–¥—É! –•–∞–π —â–∞—Å—Ç–∏—Ç—å —Ü—ñ–π —Å—ñ–º`—ó —Ç–∞ –í–∞—à–æ–º—É –∫–∞–Ω–∞–ª—É))),Not_Toxic,–≤—ñ–¥–µ–æ –æ—Ç—Ä–∏–º–∞—Ç–∏ –Ω–∞–¥–∑–≤–∏—á–∞–π–Ω–∏–π –∑–∞–¥–æ–≤–æ–ª–µ–Ω–Ω—è –ø–µ—Ä–µ–≥–ª—è–¥ —â–∞—Å—Ç–∏—Ç–∏ —Å—ñ–º`—ó –≤–∞—à –∫–∞–Ω–∞–ª
222,Not_Toxic,"–î–æ–±—Ä–æ–≥–æ –¥–Ω—è, –ø–∞–Ω—ñ –õ—é–±–æ–≤. –î—è–∫—É—é –∑–∞ —Ü—é –∑—É—Å—Ç—Ä—ñ—á –∑ –ø–∞–Ω–æ–º –ê–Ω–¥—Ä—ñ—î–º. –î—É–∂–µ —Ü—ñ–∫–∞–≤–∏–π –ø—Ä–æ–≥–Ω–æ–∑ —ñ –≤—ñ–Ω –º–µ–Ω—ñ —Å–ø–æ–¥–æ–±–∞–≤—Å—è. –°–∞–º–µ —Ç–∞–∫–∏–π —Å—Ü–µ–Ω–∞—Ä—ñ–π –º–∞—é—Ç—å –≤—Å—ñ –Ω–µ–±–∞–π–¥—É–∂—ñ —Ä–æ–∑–≥–æ—Ä—Ç–∞—Ç–∏ —É —Å–≤–æ—ó–π —É—è–≤—ñ. –Ü –Ω–µ –±–æ—è—Ç–∏—Å—è —Ç–æ–≥–æ, —â–æ –ø—Ä–æ –ø–ª–∞–Ω–∏ –≤–∑–Ω–∞—é—Ç—å –≤–æ—Ä–æ–≥–∏. –ù–∞–º —Å–≤–æ—î —Ä–æ–±–∏—Ç–∏.
–î–æ —Ä–µ—á—ñ, –∫–Ω–∏–≥–∞ –ø—Ä–æ –Ü–≤–∞–Ω–∞ –ë–æ–≥—É–Ω–∞ –±—É–ª–∞ –º–æ—î—é —É–ª—é–±–ª–µ–Ω–æ—é –≤ —Ä–æ–∫–∏ –¥–∏—Ç–∏–Ω—Å—Ç–≤–∞. –¶–µ –±—É–≤ –≤–∏–¥–∞—Ç–Ω–∏–π –≤–æ—ó–Ω, —É–ª—é–±–ª–µ–Ω–µ—Ü—å –ë–æ–≥–¥–∞–Ω–∞ –•–º–µ–ª—å–Ω–∏—Ü—å–∫–æ–≥–æ —ñ –¥—É–∂–µ —Ä–æ–∑—É–º–Ω–∏–π –ø–æ–ª–∫–æ–≤–æ–¥–µ—Ü—å. –ù–∞ –∂–∞–ª—å –Ω–µ –ø–∞–º'—è—Ç–∞—é –∞–≤—Ç–æ—Ä–∞, –∞ —Ç–æ –∑–∞–ª—é–±–∫–∏ –ø–µ—Ä–µ—á–∏—Ç–∞–ª–∞ —ó—ó —â–µ —Ä–∞–∑. –í—Å–µ –±—É–¥–µ –¥–æ–±—Ä–µ! –í—Å–µ –±—É–¥–µ –£–∫—Ä–∞—ó–Ω–∞! –í—ñ—Ä–∏–º–æ –≤ –ó–°–£! –Ü –¥–æ–≤—ñ—Ä—è—î–º–æ –í–∏—â–∏–º —Å–∏–ª–∞–º!",Not_Toxic,–¥–æ–±—Ä–∏–π –ø–∞–Ω—è –ª—é–±–æ–≤ –∑—É—Å—Ç—Ä—ñ—á –ø–∞–Ω –ê–Ω–¥—Ä—ñ–π —Ü—ñ–∫–∞–≤–∏–π –ø—Ä–æ–≥–Ω–æ–∑ —Å–ø–æ–¥–æ–±–∞—Ç–∏—Å—è —Å—Ü–µ–Ω–∞—Ä—ñ–π –º–∞—Ç–∏ –Ω–µ–±–∞–π–¥—É–∂—ñ —Ä–æ–∑–≥–æ—Ä—Ç–∞—Ç–∏ —Å–≤—ñ–π —É—è–≤–∞ –±–æ—è—Ç–∏—Å—è –ø–ª–∞–Ω –≤–∑–Ω–∞—Ç–∏ –≤–æ—Ä–æ–≥ —Ä–æ–±–∏—Ç–∏ —Ä—ñ—á –∫–Ω–∏–≥–∞ –Ü–≤–∞–Ω –ë–æ–≥—É–Ω –º—ñ–π —É–ª—é–±–ª–µ–Ω–∏–π —Ä—ñ–∫ –¥–∏—Ç–∏–Ω—Å—Ç–≤–æ –≤–∏–¥–∞—Ç–Ω–∏–π –≤–æ—ó–Ω —É–ª—é–±–ª–µ–Ω–µ—Ü—å –ë–æ–≥–¥–∞–Ω –•–º–µ–ª—å–Ω–∏—Ü—å–∫–∏–π —Ä–æ–∑—É–º–Ω–∏–π –ø–æ–ª–∫–æ–≤–æ–¥–µ—Ü—å –∂–∞–ª—å –ø–∞–º'—è—Ç–∞—Ç–∏ –∞–≤—Ç–æ—Ä –∑–∞–ª—é–±–∫–∏ –ø–µ—Ä–µ—á–∏—Ç–∞—Ç–∏ –£–∫—Ä–∞—ó–Ω–∞ –≤—ñ—Ä–∏—Ç–∏ –¥–æ–≤—ñ—Ä—è—Ç–∏ –≤–∏—â–∏–π —Å–∏–ª–∞
223,Not_Toxic,–ì–õ–ò–ë–û–ö–Ü –Ü–õ–Æ–ó–Ü–á. –ø–æ—Ü—ñ–∫–∞–≤—Ç–µ—Å—è –¥–æ–ª–µ—é –ø–æ—á–∏–Ω–∞–Ω—å –ø–æ–∫—ñ–π–Ω–æ–≥–æ –õ–µ–æ–Ω—ñ–¥–∞ –ö–æ–Ω—Ç–µ—Ä–∞ –≤ —Å–µ–ª—ñ –û–±–∏—Ä–æ–∫,Not_Toxic,–≥–ª–∏–±–æ–∫–∏–π —ñ–ª—é–∑—ñ—è –ø–æ—Ü—ñ–∫–∞–≤–∏—Ç–∏—Å—è –¥–æ–ª—è –ø–æ—á–∏–Ω–∞–Ω—å –ø–æ–∫—ñ–π–Ω–∏–π –õ–µ–æ–Ω—ñ–¥ –∫–æ–Ω—Ç–µ—Ä–∞ —Å–µ–ª–æ –æ–±–∏—Ä–æ–∫
224,Toxic,"–ì–æ—Å—Ç—é–≤–∞–≤ —É —Ü—ñ–π —Ö–∞—Ç–∏–Ω—ñ –≤ –≤–µ—Ä–µ—Å–Ω—ñ 2016 —Ä–æ–∫—É, —Ç–∞–º –Ω–∞–≤—ñ—Ç—å –≥–∞–º–∞–∫ –±—É–≤ –≤ —è–∫–æ–º—É –º–æ–∂–Ω–∞ –±—É–ª–æ –ø–æ—á–∏—Ç–∞—Ç–∏ –∫–Ω–∏–∂–∫—É –≤ —Å–∞–¥—É –∑–∞ —Ö–∞—Ç–æ—é)",Not_Toxic,–≥–æ—Å—Ç—é–≤–∞—Ç–∏ —Ö–∞—Ç–∏–Ω–∞ –≤–µ—Ä–µ—Å–µ–Ω—å –≥–∞–º–∞–∫ —è–∫–∏–π –ø–æ—á–∏—Ç–∞—Ç–∏ –∫–Ω–∏–∂–∫–∞ —Å–∞–¥ —Ö–∞—Ç–∞
225,Toxic,–¢–∞ —è –í–∞—Å –¥—É–∂–µ –ø–æ–≤–∞–∂–∞—é. –ù–∞–Ω—é—Ö–∞–Ω–∏—Ö –≥–æ—Å—Ç–µ–π –Ω–∞–≤—ñ—â–æ! –í–æ–Ω–æ –Ω–µ –≤–æ—é—î –≤–æ–Ω–æ –Ω–∞–Ω—é—Ö–∞–Ω–µ,Toxic,–ø–æ–≤–∞–∂–∞—Ç–∏ –Ω–∞–Ω—é—Ö–∞–Ω–∏—Ö –≥–æ—Å—Ç—è –≤–æ—é–≤–∞—Ç–∏ –Ω–∞–Ω—é—Ö–∞–Ω–µ
226,Not_Toxic,"–ú–∞—Ä–∏–Ω—É –º–µ–Ω—ñ —à–∫–æ–¥–∞, –ø—Ä–∏—à–∏–±–ª–µ–Ω–∞ –Ω–∞ –≥–æ–ª–æ–≤—É –ª—é–¥–∏–Ω–∞",Toxic,–ú–∞—Ä–∏–Ω–∞ —à–∫–æ–¥–∞ –ø—Ä–∏—à–∏–±–ª–µ–Ω–∞ –≥–æ–ª–æ–≤–∞
227,Not_Toxic,"–•–ª–æ–ø—Ü—ñ, —Ü–µ –ø—Ä–æ—Å—Ç–æ –≥–æ–¥–∏–Ω–∞ —Ä–µ–≥–æ—Ç—É. –Ø—Å–Ω–∞ —Ö–æ–ª–µ—Ä–∞, —â–æ –≥—Ä–µ—á–∫–∞ –∑–≥–æ—Ä—ñ–ª–∞, –∞–ª–µ –≤–æ–Ω–æ —Ç–æ–≥–æ –≤–∞—Ä—Ç—É–≤–∞–ª–æ. –û–±–æ–∂–Ω—é—é –æ–±–æ—Ö, —Ü—å–æ–º—á–∏–∫–∏. 
–ë–µ–¥–Ω—è–∫–æ–≤–∞ —Ç—Ä–µ–±–∞ —â–µ —Ä–∞–∑ –æ–±–æ–≤'—è–∑–∫–æ–≤–æ.
–ü.–°.–ü–∏—à—É –∑ –Ω–µ–¥–∞–ª–µ–∫–æ–≥–æ –º–∞–π–±—É—Ç–Ω—å–æ–≥–æ- –ö–µ—Ä—á–µ–Ω—Å—å–∫–∏–π –º—ñ—Å—Ç —Ç–∞–∫–∏ –ø—ñ–¥—ñ—Ä–≤–∞–ª–∏",Not_Toxic,—Ö–ª–æ–ø–µ—Ü—å –≥–æ–¥–∏–Ω–∞ —Ä–µ–≥—ñ—Ç —è—Å–Ω–∏–π —Ö–æ–ª–µ—Ä–∞ –ì—Ä–µ—á–∫–æ –∑–≥–æ—Ä—ñ—Ç–∏ –≤–∞—Ä—Ç—É–≤–∞—Ç–∏ –æ–±–æ–∂–Ω—é—é –æ–±–æ—î —Ü—å–æ–º—á–∏–∫–∏ –±–µ–¥–Ω—è–∫–æ–≤–∞ –æ–±–æ–≤'—è–∑–∫–æ–≤–æ –ø–∏—Å–∞—Ç–∏ –Ω–µ–¥–∞–ª–µ–∫–∏–π –º–∞–π–±—É—Ç–Ω—ñ–π –∫–µ—Ä—á–µ–Ω—Å—å–∫–∏–π –º—ñ—Å—Ç–æ —Ç–∞–∫–∞ –ø—ñ–¥—ñ—Ä–≤–∞—Ç–∏
228,Toxic,"–á–π –æ–¥–Ω–µ –∫–∞–∂—É—Ç—å, –∞ –≤–æ–Ω–∞ –≤—Å–µ –ø—Ä–æ —á–æ–ª–æ–≤—ñ–∫–∞ —Å–≤–æ–≥–æ –¥—É–º–∞—î, –¥—É—Ä–∞",Toxic,–æ–¥–µ–Ω –∫–∞–∑–∞—Ç–∏ —á–æ–ª–æ–≤—ñ–∫ –¥—É–º–∞—Ç–∏ –¥—É—Ä–∞
229,Not_Toxic,"–ü–æ–∫–æ—Ä–æ–±–∏–ª–∏ —Å–ª–æ–≤–∞ —Å—Ç–∏–ª—ñ—Å—Ç–∞, —â–æ —É –≥–µ—Ä–æ—ó–Ω—ñ –≥—Ä—É–±—ñ —Ä–∏—Å–∏ –æ–±–ª–∏—á—á—è —ñ –Ω–µ–≤–∏—Ä–∞–∑–Ω—ñ –æ—á—ñ.... –ú–æ–∂–µ –π–æ–º—É –æ–∫—É–ª—è—Ä–∏ –ø–æ—Ç—Ä—ñ–±–Ω—ñ?!",Toxic,–ø–æ–∫–æ—Ä–æ–±–∏–ª–∏ —Å–ª–æ–≤–æ —Å—Ç–∏–ª—ñ—Å—Ç–∞ –≥–µ—Ä–æ—ó–Ω –≥—Ä—É–±–∞ —Ä–∏—Å–∞ –æ–±–ª–∏—á—á—è –Ω–µ–≤–∏—Ä–∞–∑–Ω–∏–π –æ–∫—É–ª—è—Ä –ø–æ—Ç—Ä—ñ–±–Ω–∏–π
230,Not_Toxic,"–ü–æ–¥–∏–≤—ñ—Ç—å—Å—è, –±—É–¥—å –ª–∞—Å–∫–∞, –Ω–∞—Å—Ç—É–ø–Ω–æ–≥–æ —Ä–∞–∑—É –•–∞—Ä–∫—ñ–≤",Not_Toxic,–ø–æ–¥–∏–≤–∏—Ç–∏—Å—è –ª–∞—Å–∫–∞ –Ω–∞—Å—Ç—É–ø–Ω–∏–π —Ä–∞–∑ –•–∞—Ä–∫—ñ–≤
231,Not_Toxic,"–ö—Ä—É—Ç—ñ –±–∞—Ä–µ–ª—å—î—Ñ–∏, –¥–µ–∫–æ—Ä —Ä–æ–∑–ø–∏—Å —Å—Ç—ñ–Ω
",Not_Toxic,–∫—Ä—É—Ç–∏–π –±–∞—Ä–µ–ª—å—î—Ñ–∏ –¥–µ–∫–æ—Ä —Ä–æ–∑–ø–∏—Å —Å—Ç—ñ–Ω–∞
232,Not_Toxic,"–ö—É–∑—å–º–∞, –Ω–∞–º –±–µ–∑ –¢–ï–ë–ï –ø—Ä–∏–∫—Ä–æ.
–ó–∞—Ä–∞ –π–¥–µ –≤—ñ–π–Ω–∞.
–ú–ê–ú –í–Ø–†–£, –∑—É—Å—Ç—Ä—ñ–Ω–µ–º –æ—Å—å –Ω–∞ –Ω–µ–±—ñ.",Not_Toxic,"–ö—É–∑—å–º–∞ –ø—Ä–∏–∫—Ä–æ 
–∑–∞—Ä–∞ –≤—ñ–π–Ω–∞ 
–º–∞–º –≤—è—Ä—É –∑—É—Å—Ç—Ä—ñ–Ω—É—Ç–∏ –Ω–µ–±–æ"
233,Not_Toxic,–∫–æ–ª–∏ –≤—ñ–Ω –ø–æ—á–∞–≤ –≥–æ–ª–∏—Ç–∏ –Ω–æ–≥–∏ —è –∞—Ö—É—ó–≤)),Not_Toxic,–ø–æ—á–∞—Ç–∏ –≥–æ–ª–∏—Ç–∏ –Ω–æ–≥–∞ –∞—Ö—É—ó–≤
234,Toxic,–±—ñ–ª—å—à–µ —ç–ª—å–≤—ñ—Ä–∏ !!! –¥—É–∂–µ —Ç—É–ø–∞ –π –∫—É–º–µ–¥–Ω–∞ ,Toxic,—ç–ª—å–≤—ñ—Ä–∏ —Ç—É–ø–∏–π –∫—É–º–µ–¥–Ω–∏–π
235,Not_Toxic,"–ö—É–∑—å–º–∞ –æ–¥–∏–Ω —ñ–∑ –∫—Ä–∞—â–∏—Ö —Å–∏–Ω—ñ–≤ –£–∫—Ä–∞—ó–Ω–∏,. –°–ø–æ—á–∏–≤–∞–π –∑ –º–∏—Ä–æ–º, —Ç–∏ –∑–∞–≤–∂–¥–∏ –∂–∏—Ç–∏–º–µ –≤ –Ω–∞—à–∏—Ö —Å–µ—Ä—Ü—è—Ö",Not_Toxic,–ö—É–∑—å–º–∞ –∫—Ä–∞—â–∏–π —Å–∏–Ω –£–∫—Ä–∞—ó–Ω–∞ —Å–ø–æ—á–∏–≤–∞—Ç–∏ –º–∏—Ä–æ –∂–∏—Ç–∏ –Ω–∞—à —Å–µ—Ä—Ü–µ
236,Not_Toxic,"–¢–µ—Ö–Ω—ñ–∫—É –≤–µ—Å—Ç–∏ –±—É–¥—É—Ç—å,—è–∫ –º–∏–Ω—É–ª–æ–≥–æ —Ä–∞–∑—É –∫–∏–¥–∞–ª–∏ –≤ —Ç—É–Ω–µ–ª—ñ",Not_Toxic,—Ç–µ—Ö–Ω—ñ–∫ –≤–µ—Å—Ç–∏ –º–∏–Ω—É–ª–∏–π —Ä–∞–∑ –∫–∏–¥–∞—Ç–∏ —Ç—É–Ω–µ–ª—ñ
237,Not_Toxic,"–ö–∞—Ç—Ä—É—Å—è –Ω–∞ –ø–æ—á–∞—Ç–∫—É –≤—ñ–¥–µ–æ –ø–æ—Ä–∞–¥—É–≤–∞–ª–∞ - –∑–∞–≤—à–µ –ø—Ä–∏—î–º–Ω–æ –±–∞—á–∏—Ç–∏ –¥–∞–≤–Ω–æ –∑–∞–±—É—Ç—ñ, –∞–ª–µ –∂ —Ç–∞–∫—ñ –∑–Ω–∞–π–æ–º—ñ –æ–±–ª–∏—á—á—è –ª—é–¥–µ–π —ñ–∑ –º–∏–Ω—É–ª–æ–≥–æ!...))))",Not_Toxic,–∫–∞—Ç—Ä—É—Å—è –≤—ñ–¥–µ–æ –ø–æ—Ä–∞–¥—É–≤–∞—Ç–∏ –∑–∞–≤—à–µ –ø—Ä–∏—î–º–Ω–æ –±–∞—á–∏—Ç–∏ –∑–∞–±—É—Ç–∏–π –∑–Ω–∞–π–æ–º–∏–π –æ–±–ª–∏—á—á—è –ª—é–¥–∏ –º–∏–Ω—É–ª–∏–π
238,Not_Toxic,"""–ü–∞—Ç–µ–ª—å–Ω—è"" - —Ü–µ –Ω–µ–∫–æ—Ä–µ–∫—Ç–µ —Å–ª–æ–≤–æ, —Ü–µ –ø–æ–ª–æ–Ω—ñ–∑–º",Not_Toxic,–ø–∞—Ç–µ–ª—å–Ω—è –Ω–µ–∫–æ—Ä–µ–∫—Ç–µ —Å–ª–æ–≤–æ –ø–æ–ª–æ–Ω—ñ–∑–º
239,Toxic,"–Ø –≤–≤–∞–∂–∞—é, —â–æ –Ω–∞ —Å—å–æ–≥–æ–¥–Ω—ñ –±—ñ–ª—å—à –¥–æ—Ü—ñ–ª—å–Ω–∏–º –Ω–∞–∑–∏–≤–∞—Ç–∏ –Ω–∞—à–∏—Ö –≤–æ—ó–Ω—ñ–≤ –Ω–µ —Å–æ–ª–¥–∞—Ç–∞–º–∏ - —Ü–µ —è–∫–∞—Å—å —Å–æ–≤—î—Ç—á–∏–Ω–∞ —ñ ""–º—É—à—Ç—Ä–∞"" —è–∫ –ø–æ–Ω—è—Ç—Ç—è –≤—ñ–¥–Ω–æ—Å–∏—Ç—å—Å—è –±—ñ–ª—å—à –¥–æ –º–∏–Ω—É–ª–æ–≥–æ —Å—Ç–æ–ª—ñ—Ç—Ç—è",Toxic,–≤–≤–∞–∂–∞—Ç–∏ –¥–æ—Ü—ñ–ª—å–Ω–∏–π –Ω–∞–∑–∏–≤–∞—Ç–∏ –Ω–∞—à –≤–æ—ó–Ω —Å–æ–ª–¥–∞—Ç —è–∫–∏–π—Å—å —Å–æ–≤—î—Ç—á–∏–Ω–∞ –º—É—à—Ç—Ä–∞ –ø–æ–Ω—è—Ç—Ç—è –≤—ñ–¥–Ω–æ—Å–∏—Ç–∏—Å—è –º–∏–Ω—É–ª–∏–π —Å—Ç–æ–ª—ñ—Ç—Ç—è
240,Toxic,"–ù—ñ—Ö—Ç–æ —ó–º –Ω–µ –≤–∏–Ω–µ–Ω, —â–æ –≤–æ–Ω–∏, –Ω–µ–¥–æ–ª—É–≥—ñ, –æ–±—Ä–∞–ª–∏ —Å–æ–±—ñ —Ç–∞–∫—É –≤–ª–∞–¥—É. –•–∞–π –≥–æ—Ç—É—é—Ç—å—Å—è –¥–æ —Ä–æ–∑–ø–∞–¥—É —Å–≤–æ—î—ó –Ω–µ–¥–æ—ñ–º–ø–µ—Ä—ñ—ó. –ë–∞–∂–∞–Ω–æ –∑ –≤–∏–º–∏—Ä–∞–Ω–Ω—è–º 100% –±—ñ–æ–º–∞—Å–∏, —â–æ —ó—ó –Ω–∞—Å–µ–ª—è—î.
–°–ª–∞–≤–∞ –£–∫—Ä–∞—ó–Ω—ñ! –°–º–µ—Ä—Ç—å —Ä–∞w–∏—Å—Ç–∞–º!",Toxic,"–Ω—ñ—Ö—Ç–æ –≤–∏–Ω–µ–Ω –Ω–µ–¥–æ–ª—É–≥—ñ –æ–±—Ä–∞—Ç–∏ —Ç–∞–∫–∞ –≤–ª–∞–¥–∞ –≥–æ—Ç—É–≤–∞—Ç–∏—Å—è —Ä–æ–∑–ø–∞–¥ –Ω–µ–¥–æ—ñ–º–ø–µ—Ä—ñ—ó –±–∞–∂–∞–Ω–æ –≤–∏–º–∏—Ä–∞–Ω–Ω—è–º –±—ñ–æ–º–∞—Å–∞ –Ω–∞—Å–µ–ª—è—î 
—Å–ª–∞–≤–∞ –£–∫—Ä–∞—ó–Ω–∞ —Å–º–µ—Ä—Ç—å —Ä–∞w–∏—Å—Ç–∞–º"
241,Not_Toxic,"–í –Ω–∞—Å —Ä–æ–Ω–¥–µ–ª—å-—Ü–µ —Ç–∞–∫–∏–π –∫–æ–≤—à–∏–∫ –∑ –¥–æ–≤–≥–æ—é —Ä—É—á–∫–æ—é, —è–∫–∏–º –≤–æ–¥—É —á–µ—Ä–ø–∞—é—Ç—å.",Not_Toxic,—Ä–æ–Ω–¥–µ–ª—å –∫–æ–≤—à–∏–∫ –¥–æ–≤–≥–∏–π —Ä—É—á–∫–∞ —è–∫–∏–π –≤–æ–¥–∞ —á–µ—Ä–ø–∞—Ç–∏
242,Not_Toxic,–ê –≤ –Ω–∞—Å –±i–¥–∞ –≤–∂–µ –ø—Ä–∏–π—à–ª–∞(((,Not_Toxic,–±i–¥–∞ –ø—Ä–∏–π—à–ª–∏–π
243,Not_Toxic,–ë—Ä–∏–ª—å—è–Ω—Ç —î —Ç–∞–∫–æ–∂ –≤ —É–∫—Ä–∞—ó–Ω—Å—å–∫—ñ–π –º–æ–≤—ñ,Not_Toxic,–±—Ä–∏–ª—å—è–Ω—Ç —É–∫—Ä–∞—ó–Ω—Å—å–∫–∏–π –º–æ–≤–∞
244,Not_Toxic,"–ö—Ä—É—Ç–µ —à–æ—É, –∑–∞–π–≤–∏—Ö —Å–ª—ñ–≤ –Ω–µ –ø–æ—Ç—Ä—ñ–±–Ω–æ)",Not_Toxic,–∫—Ä—É—Ç–∏–π –∑–∞–π–≤–∏–π —Å–ª–æ–≤–æ
245,Toxic,"–©–µ –æ–¥–Ω–∞ –≥—Ä–∞–º–æ—Ç—ñ–π–∫–∞ –≥–æ–≤–æ—Ä–∏—Ç—å ,—è–∫ –∑–µ –ø—Ä–æ –õ—É—Ü—å–∫—É –æ–±–ª–∞—Å—Ç—å",Not_Toxic,–æ–¥–µ–Ω –≥—Ä–∞–º–æ—Ç—ñ–π–∫–∞ –≥–æ–≤–æ—Ä–∏—Ç–∏ –ª—É—Ü—å–∫–∏–π –æ–±–ª–∞—Å—Ç—å
246,Not_Toxic,–∞ —è–∫ —â–æ –∑–∞–∫—Ä–∏—Ç–∏ –Ω–µ–±–æ –±—ñ–ª—è –≤–∞–∂–ª–∏–≤–∏—Ö –æ–±—î–∫—Ç—ñ–≤ –¥–∏—Ä–∏–∂–∞–±–ª—è–º–∏ ?,Not_Toxic,–∑–∞–∫—Ä–∏—Ç–∏ –Ω–µ–±–æ –±—ñ–ª—è –≤–∞–∂–ª–∏–≤–∏–π –æ–±—î–∫—Ç—ñ–≤ –¥–∏—Ä–∏–∂–∞–±–ª—è–º–∏
247,Not_Toxic,–≤–∏–ø—É—Å–∫- –ø–æ–∂–µ–∂–∞! –ê–Ω–¥—Ä—ñ–π –∑–∞—Ç–∞—â–∏–≤!,Not_Toxic,–≤–∏–ø—É—Å–∫ –ø–æ–∂–µ–∂–∞ –ê–Ω–¥—Ä—ñ–π –∑–∞—Ç–∞—â–∏–≤
248,Toxic,"–ü—É—Ç—ñ–Ω –∑–±—Ä–µ—Ö–∞–≤. –®–æ, –æ–ø—è—Ç—å?",Toxic,–ü—É—Ç—ñ–Ω –∑–±—Ä–µ—Ö–∞—Ç–∏ –æ–ø—è—Ç—å
249,Not_Toxic,"–ù–∞ –¥–∞—Ö—É –±—É–¥–∏–Ω–∫—ñ–≤ —É —è–ø–æ–Ω—Ü—ñ–≤ —Ç–µ–ø–ª–∏—Ü—ñ —Ä–æ–±–ª—è—Ç—å , _ –∞ –ª—ñ—Ç–æ–º –≥–æ—Ä–æ–¥–∏",Not_Toxic,–¥–∞—Ö –±—É–¥–∏–Ω–æ–∫ —è–ø–æ–Ω—Ü—ñ–≤ —Ç–µ–ø–ª–∏—Ü—ñ —Ä–æ–±–∏—Ç–∏ –ª—ñ—Ç–æ –≥–æ—Ä–æ–¥
250,Not_Toxic,"–ú–æ–∂–ª–∏–≤–æ —â–µ –±–∏ –∞–¥—Ä–µ—Å—É –∑–∞–ø–∏—Ç–∞–ª–∞ ,,–∞ –Ω–µ —Ç—ñ–ª—å–∫–∏ —á–æ–º—É –ø—É—Å–∫–∞—é—Ç—å —Ä–∞–∫–µ—Ç–∏,–≤–µ–¥—É—á–∞....",Toxic,–º–æ–∂–ª–∏–≤–æ –∞–¥—Ä–µ—Å –∑–∞–ø–∏—Ç–∞—Ç–∏ –ø—É—Å–∫–∞—Ç–∏ —Ä–∞–∫–µ—Ç–∞ –≤–µ–¥—É—á–∏–π
251,Not_Toxic,–í –ü–æ–∑–∏—Ç–∏–≤–∞ –¥–æ —Ä–µ—á—ñ –ª–µ–≥—à—ñ –ø–∏—Ç–∞–Ω–Ω—è –±—É–ª–∏,Not_Toxic,–ø–æ–∑–∏—Ç–∏–≤–∞ —Ä—ñ—á –ª–µ–≥—à–∏–π –ø–∏—Ç–∞–Ω–Ω—è
252,Not_Toxic,–•—É—è—Ä—Ç! –ü–æ–∫–∞–∑—É—Ö–∞. –õ—é–¥–∏ —Ç–∞–∫ –∂–∏–≤—É—Ç—å —Å—Ç–æ–ª—ñ—Ç—Ç—è–º–∏.,Toxic,—Ö—É—è—Ä—Ç –ø–æ–∫–∞–∑—É—Ö–∞ –∂–∏—Ç–∏ —Å—Ç–æ–ª—ñ—Ç—Ç—è
253,Not_Toxic,"1:46 –±—É–¥—å –ª–∞—Å–∫–∞, –≤–∏–∫–æ—Ä–∏—Å—Ç–æ–≤—É–π—Ç–µ —Å—Ç–∞—Ä–∏–π —Å–ø–æ—Å—ñ–± –ø–æ–∫–∞–∑—É–≤–∞—Ç–∏ —Ç—Ä–∏–∑—É–±—Ü—è , –Ω–∞–≤—ñ—â–æ –ø—Ä–∏–¥—É–º—É–≤–∞—Ç–∏ –≤–µ–ª–æ—Å–∏–ø–µ–¥, –∞ —Ç–æ –≤–∏–≥–ª—è–¥–∞—î —è–∫ –æ–¥–∏–Ω –≤—Ö—ñ–¥ –ø–∞—Ä–∞–¥–Ω–∏–π —Ç–∞–º –¥–µ –¥–≤–∞ —à–æ–∫–æ–ª–∞–¥–Ω–∏–π.(",Toxic,–ª–∞—Å–∫–∞ –≤–∏–∫–æ—Ä–∏—Å—Ç–æ–≤—É–≤–∞—Ç–∏ —Å—Ç–∞—Ä–∏–π —Å–ø–æ—Å—ñ–± –ø–æ–∫–∞–∑—É–≤–∞—Ç–∏ —Ç—Ä–∏–∑—É–±—Ü—è –ø—Ä–∏–¥—É–º—É–≤–∞—Ç–∏ –≤–µ–ª–æ—Å–∏–ø–µ–¥ –≤–∏–≥–ª—è–¥–∞—Ç–∏ –≤—Ö—ñ–¥ –ø–∞—Ä–∞–¥–Ω–∏–π —à–æ–∫–æ–ª–∞–¥–Ω–∏–π
254,Not_Toxic,–ó–¥–æ—Ä–æ–≤'—è –≤–∞—à–∏–º —Ä—É—á–∫–∞–º.,Not_Toxic,–∑–¥–æ—Ä–æ–≤'—è –≤–∞—à —Ä—É—á–∫–∞
255,Not_Toxic,"–ë–µ—Ä–µ–∂—ñ—Ç—å –õ—å–≤—ñ–≤, –±–æ –≤—ñ–Ω –≤–∞–º –≥–∞—Ä–Ω–∏–π",Not_Toxic,–±–µ—Ä–µ–≥—Ç–∏ –õ—å–≤—ñ–≤ –≥–∞—Ä–Ω–∏–π
256,Not_Toxic,"–°—É–ø–µ—Ä,–±—É–¥—É –ø–µ—Ä–µ–≥–ª—è–¥–∞—Ç–∏ –∫–æ–∂–µ–Ω –≤–∏–ø—É—Å–∫!–ú–æ–∂–Ω–∞ —É—Å—ñ—î—é —Å—ñ–º!—î—é!",Not_Toxic,—Å—É–ø–µ—Ä –ø–µ—Ä–µ–≥–ª—è–¥–∞—Ç–∏ –≤–∏–ø—É—Å–∫ —É–≤–µ—Å—å
257,Not_Toxic,–î—è–∫—É—é –í–∞–º –ø—Ä–æ–≥–∞—Ä–∞–º—É –ø—Ä–æ–≥–Ω–æ–∑ —Ç–∞ –ø–∞–Ω—ñ –õ—é–¥–º–∏–ª—É –∑–∞ —Å–ø—ñ–ª—å–Ω—É –ø—Ä–∞—Ü—é –∑ –ü–æ–≤–∞–≥–æ—é.,Not_Toxic,–ø—Ä–æ–≥–∞—Ä–∞–º—É –ø—Ä–æ–≥–Ω–æ–∑ –ø–∞–Ω—è –õ—é–¥–º–∏–ª–∞ —Å–ø—ñ–ª—å–Ω–∏–π –ø—Ä–∞—Ü—è –ø–æ–≤–∞–≥–∞
258,Not_Toxic,"–†—É—á–∫–∏ –≤–∞—à–∏ –∑–æ–ª–æ—Çi !!!!
–îi–≤—á–∞—Ç–∫–∞ —Ç–∞ –∂i–Ω–æ—á–∫–∏ –Ω–∞—ài, –ª—é–±i —É–∫—Ä–∞√Ø–Ω–æ—á–∫–∏! –ü–∏—à–∞–µ–º–æ—Å—å –≤–∞–º–∏ ,—Äi–¥–Ω–µ–Ω—å–∫–∏ !
–•–∞–π –Ω–∞–º —É—Åi–º –ë–æ–≥ –¥–æ–ø–æ–º–∞–≥–∞–µ –ü–ï–†–ï–ú–û–ì–¢–ò –ö–õ–Ø–¢–û–ì–û –í–û–†–û–ì–ê!
–°–ª–∞–≤–∞ –ó–°–£ –°–õ–ê–í–ê –°–õ–ê–í–ê –°–õ–ê–í–ê 
–°–õ–ê–í–ê –£–∫—Ä–∞√Ø–Ωi ",Not_Toxic,"—Ä—É—á–∫–∞ –≤–∞—à–∏ –∑–æ–ª–æ—Çi 
–¥i–≤—á–∞—Ç–∫–∞ –∂i–Ω–æ—á–∫–∏ –Ω–∞—ài –ª—é–±i —É–∫—Ä–∞√Ø–Ω–æ—á–∫–∏ –ø–∏—à–∞–µ–º–æ—Å—å —Äi–¥–Ω–µ–Ω—å–∫–∏ 
—Ö–∞–π —É—Åi–º –¥–æ–ø–æ–º–∞–≥–∞–µ –ø–µ—Ä–µ–º–æ–≥—Ç–∏ –∫–ª—è—Ç–∏–π –≤–æ—Ä–æ–≥ 
—Å–ª–∞–≤–∞ —Å–ª–∞–≤–∞ —Å–ª–∞–≤–∞ —Å–ª–∞–≤–∞ —Å–ª–∞–≤–∞ —É–∫—Ä–∞√Ø–Ωi"
259,Toxic,–í–∏ —Å–ø–µ—Ü—ñ–∞–ª—å–Ω–æ —Ç–∞–∫ –¥–µ—Ç–∞–ª—å–Ω–æ —Ä–æ–∑–ø–æ–≤—ñ–¥–∞—î—Ç–µ –ø—Ä–æ –≤—Å—ñ –ø–ª–∞–Ω–∏? –¢–∞–∫–æ–≥–æ —è —â–µ –Ω–µ –±–∞—á–∏–ª–∞!,Not_Toxic,—Å–ø–µ—Ü—ñ–∞–ª—å–Ω–æ –¥–µ—Ç–∞–ª—å–Ω–æ —Ä–æ–∑–ø–æ–≤—ñ–¥–∞—Ç–∏ –ø–ª–∞–Ω —Ç–∞–∫–∏–π –±–∞—á–∏—Ç–∏
260,Not_Toxic,"–î–µ–∫—ñ–ª—å–∫–∞ –ª–æ–∫–∞—Ü—ñ–π —ñ —Ç–µ–ø–µ—Ä –≤—Å–µ –¥—É–∂–µ –≥—Ä–∞—î —è—Å–∫—Ä–∞–≤–∏–º–∏ —Ñ–∞—Ä–±–∞–º–∏, –¥—É–∂–µ –Ω–µ–π–º–æ–≤—ñ—Ä–Ω–æ. –ó –∫–æ–∂–Ω–∏–º –≤—ñ–¥–µ–æ, –ø–æ–º—ñ—á–∞—é —Ç–≤—ñ–π —Ä–æ–∑–≤–∏—Ç–æ–∫, —Ü–µ —á—É–¥–æ–≤–æ!",Not_Toxic,–¥–µ–∫—ñ–ª—å–∫–∞ –ª–æ–∫–∞—Ü—ñ–π –≥—Ä–∞—Ç–∏ —è—Å–∫—Ä–∞–≤–∏–π —Ñ–∞—Ä–±–∞ –Ω–µ–π–º–æ–≤—ñ—Ä–Ω–æ –∫–æ–∂–Ω–∏–π –≤—ñ–¥–µ–æ –ø–æ–º—ñ—á–∞—Ç–∏ —Ä–æ–∑–≤–∏—Ç–æ–∫
261,Not_Toxic,–¢–æ–º—É —à–æ –†–ò–ë–ê???? –¶–µ - –ø–∑–¥—Ü. –†–ò–ë–ê!!!! –ê –∫–æ—Ä–æ–ø? –ö–∞—Ä–∞—Å—å? –û–∫—É–Ω—å ? –¢–µ–∂ –∂—ñ–Ω–æ—á–æ–≥–æ ? –ü—Ä–æ—Å—Ç–æ —Ç–æ–º—É —â–æ —Ä–∏–±–∞. –ñ–∞—Ö.,Toxic,—Ä–∏–±–∞ –ø–∑–¥—Ü —Ä–∏–±–∞ –∫–æ—Ä–æ–ø –∫–∞—Ä–∞—Å—å –æ–∫—É–Ω—å –∂—ñ–Ω–æ—á–∏–π —Ä–∏–±–∞
262,Not_Toxic,"–≤–æ–Ω–∞ —ñ —Ç–∞–∫ –≥–∞—Ä–Ω–∞, –ª–∏—Ü–µ –≤ –Ω–µ—ó —è–∫ —É –º–∞–ª–µ–Ω—å–∫–æ—ó –¥—ñ–≤—á–∏–Ω–∫–∏ ",Not_Toxic,–≥–∞—Ä–Ω–∏–π –ª–∏—Ü–µ –º–∞–ª–µ–Ω—å–∫–∏–π –¥—ñ–≤—á–∏–Ω–∫–∞
263,Not_Toxic,"–õ—å–æ—à–∫–∞! –¢–∏ –∫—Ä—É—Ç–∏–π! –î—è–∫—É—é —Ç–æ–±—ñ —Ç–∞ —Ç–≤–æ—ó–π –∫–æ–º–∞–Ω–¥—ñ –∑–∞ –ø—Ä–∞—Ü—é! –°–ª—å–æ–∑–∏ –ï–ª—å–≤—ñ—Ä–∏/ –ï–ª—å–≤–∏–Ω–∏ —Ä–µ–∞–ª—å–Ω–æ –ø—ñ–¥—ñ–π–º–∞—é—Ç—å –Ω–∞—Å—Ç—Ä—ñ–π! –¢–∞–∫ –¥–µ–Ω—å –Ω–µ –¥—É–∂–µ –ø—Ä–æ–π—à–æ–≤, –∞ —Ç—É—Ç —Å—ñ–ª–∞ –ø–æ–¥–∏–≤—ñ—Ç—å—Å—è —Ç–≤—ñ–π –≤–∏–ø—É—Å–∫.... —ñ –∞–∂ —Å–∏–ª–∏ –∑'—è–≤–∏–ª–∏—Å—è –ø–æ–¥ –≤–µ—á—ñ—Ä! –¶–µ –∫—Ä—É—Ç–æ! –í–∏ –∂ –º–æ—ó —Ä–æ–∑—É–º–Ω–∏—á–∫–∏! –õ—é–±–ª—é –≤–∞—Å! –°–∏–ª–∏ –≤–∞–º —Ç–∞ –∑–¥–æ—Ä–æ–≤'—è! –ê —Ü—ñ —Ç–≤–∞—Ä—ñ, —â–æ–± –≤ –∫–æ–∂–Ω–æ–º—É –Ω–æ–≤–æ–º—É –≤–∏–ø—É—Å–∫—É –≤–æ–ª–∞–ª–∏ –≤—Å–µ –≥–æ–ª–æ—Å–Ω—ñ—à–µ!!!!! –°–ª–∞–≤–∞ –£–∫—Ä–∞—ó–Ω—ñ!",Toxic,–ª—å–æ—à–∫–∞ –∫—Ä—É—Ç–∏–π —Ç–≤—ñ–π –∫–æ–º–∞–Ω–¥–∞ –ø—Ä–∞—Ü—è —Å–ª—å–æ–∑–∞ –µ–ª—å–≤—ñ—Ä–∏ –µ–ª—å–≤–∏–Ω–∏ —Ä–µ–∞–ª—å–Ω–æ –ø—ñ–¥—ñ–π–º–∞—Ç–∏ –Ω–∞—Å—Ç—Ä—ñ–π –ø—Ä–æ–π—Ç–∏ —Å—ñ–ª–æ –ø–æ–¥–∏–≤–∏—Ç–∏—Å—è –≤–∏–ø—É—Å–∫ —Å–∏–ª–∞ –∑'—è–≤–∏—Ç–∏—Å—è –≤–µ—á—ñ—Ä –∫—Ä—É—Ç–æ —Ä–æ–∑—É–º–Ω–∏—á–∫–∏ –ª—é–±–∏—Ç–∏ —Å–∏–ª–∞ –∑–¥–æ—Ä–æ–≤'—è —Ç–≤–∞—Ä—ñ –∫–æ–∂–Ω–∏–π –Ω–æ–≤–∏–π –≤–∏–ø—É—Å–∫ –≤–æ–ª–∞—Ç–∏ –≥–æ–ª–æ—Å–Ω—ñ—à–∏–π —Å–ª–∞–≤–∞ –£–∫—Ä–∞—ó–Ω–∞
264,Not_Toxic,–ú–º–¥–∞ —Ç–∞–∫–∏—Ö –∂—ñ–Ω–æ–∫ –º–∞–ª–æ —â–æ –¥–æ —Å–µ–ª–∞ –ø—Ä–∞–≥–Ω—É—Ç—å —ñ —Ä–æ–∑—É–º—ñ—é—Ç—å —â–æ —Ç–∞–∫–µ —Å–µ–ª–æ –¥—è–∫—É—é,Not_Toxic,–º–º–¥–∞ —Ç–∞–∫–∏–π –∂—ñ–Ω–∫–∞ —Å–µ–ª–æ –ø—Ä–∞–≥–Ω—É—Ç–∏ —Ä–æ–∑—É–º—ñ—Ç–∏ —Å–µ–ª–æ
265,Not_Toxic,"–Ü –º–µ–Ω—è –Ω—Ä–∞–≤–∏—Ç—å—Å—è –∑–∞–ø–∞—Ö —Å—î–ª—å—Å—å–∫–æ–π –ø—Ä–∏—Ä–æ–¥–∏
–Ü –º–µ–Ω—ñ –Ω—Ä–∞–≤–ª—è—Ç—å—Å—è —Ü—ñ –ø–µ—Ä–µ–ø–∞–¥–∏ –ø–æ–≥–æ–¥–∏
–¢—É—Ç –º–∞—à–∏–Ω –º–∞–ª–æ, —Ç–∞ –Ω–µ–º–∞—î –∑–∞–≤–æ–¥–æ–≤
–Ü –Ω—ñ—Ö—Ç–æ –≤–æ–∑–¥—É—Ö –Ω–µ –ø–æ—Ä—Ç–µ, –∫—Ä–æ–º–µ —Ç–µ–±–µ —Å–∞–º–æ–≥–æ
–ú–æ–∂–µ—à –≤—Å—Ç—Ä—ñ—Ç–∏—Ç—å —Ä–∞—Å–≤—î—Ç, –ª—ñ—Ü–µ–∑—Ä—î—Ç—å –∑–∞–∫–∞—Ç
–Ü –ø–æ–Ω—é—Ö–∞—Ç—å —É—Ç—Ä–æ –±–ª*–¥—å, —É —É—Ç—Ä–∞ —î—Å—Ç—å –∞—Ä–æ–º–∞—Ç",Not_Toxic,"–º–µ–Ω—å –Ω—Ä–∞–≤–∏—Ç—å—Å—è –∑–∞–ø–∞—Ö–Ω—É—Ç–∏ —Å—î–ª—å—Å—å–∫–æ–π –ø—Ä–∏—Ä–æ–¥–∏
—ñ –Ω—Ä–∞–≤–ª—è—Ç—å—Å—è –ø–µ—Ä–µ–ø–∞–¥ –ø–æ–≥–æ–¥–∏
—Ç—É—Ç –º–∞—à–∏–Ω–∞ –∑–∞–≤–æ–¥–æ–≤
—ñ –Ω—ñ—Ö—Ç–æ –≤–æ–∑–¥—É—Ö –ø–æ—Ä—Ç –∫—Ä–æ–º–µ —Å–∞–º–æ–≥–æ
–º–æ–∂–µ—à –≤—Å—Ç—Ä—ñ—Ç–∏—Ç—å —Ä–∞—Å–≤—î—Ç –ª—ñ—Ü–µ–∑—Ä—î—Ç—å –∑–∞–∫–∞—Ç
—ñ –ø–æ–Ω—é—Ö–∞—Ç–∏ —É—Ç—Ä–æ —É—Ç—Ä–∞ —î—Å—Ç—å –∞—Ä–æ–º–∞—Ç"
266,Not_Toxic,"–î—è–∫—É—é –≤–∞–º –î–º–∏—Ç—Ä–æ, —â–æ –¥–æ–ø–æ–º–∞–≥–∞—î—Ç–µ —Ç–∞–∫–∏–º –ª—é–¥—è–º —ñ –Ω–∞–π–≥–æ–ª–æ–≤–Ω—ñ—à–µ –¥—ñ—Ç—è–º.",Not_Toxic,–î–º–∏—Ç—Ä–æ –¥–æ–ø–æ–º–∞–≥–∞—Ç–∏ —Ç–∞–∫–∏–π –ª—é–¥–∏ –Ω–∞–π–≥–æ–ª–æ–≤–Ω—ñ—à–∏–π –¥—ñ—Ç–∏
267,Not_Toxic,–ó –≥–æ—Ä–æ–∫—Ä–∞–∫—Å–∞–º–∏ –ø—Ä–∏–∫–æ–ª—å–Ω–æ –≤–∏–π—à–ª–æ!,Not_Toxic,–≥–æ—Ä–æ–∫—Ä–∞–∫—Å–∞–º–∏ –ø—Ä–∏–∫–æ–ª—å–Ω–æ –≤–∏–π—Ç–∏
268,Not_Toxic,"–î—É—Ä–Ω—î–≤ —Ç–≤–æ—ó –∫–æ–º–µ–Ω—Ç–∞—Ä—ñ —Ü–µ —â–æ—Å—å –ø—Ä–æ—Å—Ç–æ
–í–∞–Ω –ª–∞–≤",Not_Toxic,"–¥—É—Ä–Ω—î–≤ —Ç–≤—ñ–π –∫–æ–º–µ–Ω—Ç–∞—Ä —â–æ—Å—å –ø—Ä–æ—Å—Ç–æ
–≤–∞–Ω"
269,Not_Toxic,"–ë–ª—è—Ö–∞ , –î—É—Ä–Ω–µ–≤ —ñ –ë–µ–¥–Ω—è–∫–æ–≤ —Ü–µ –ø—Ä–æ—Å—Ç–æ –∑–∞—à–∫–≤–∞—Ä  –Ω–∞–≤—ñ—Ç—å –ø—Ä—ñ–∑–≤–∏—â–∞ –ø—ñ–¥—Ö–æ–¥—è—Ç—å , —â–µ –ü—Ç—É—à–∫—ñ–Ω–∞ –Ω–µ –≤–∏—Å—Ç–∞—á–∞—î ",Toxic,–±–ª—è—Ö–∞ –¥—É—Ä–Ω–µ–≤ –±–µ–¥–Ω—è–∫–æ–≤ –∑–∞—à–∫–≤–∞—Ä –ø—Ä—ñ–∑–≤–∏—â–µ –ø—ñ–¥—Ö–æ–¥–∏—Ç–∏ –ø—Ç—É—à–∫—ñ–Ω–∞ –≤–∏—Å—Ç–∞—á–∞—Ç–∏
270,Not_Toxic,–î—è–∫—É—é –≤–∞–º –∑–∞ –≤–∞—à—É –ø—Ä–∞—Ü—é —Å–ª–∞–≤–∞ –£–∫—Ä–∞—ó–Ω—ñ –≥–µ—Ä–æ—è–º —Å–ª–∞–≤–∞ –ë–æ–∂–µ –±–µ—Ä–µ–∂–∏ –£–∫—Ä–∞—ó–Ω—É –ø–µ—Ä–µ–º–æ–≥–∏ –±–æ–∂–æ—ó –ª–∞—Å–∫–∏ –±–æ–∂–æ–≥–æ –∑–∞—Ö–∏—Å—Ç—É –≤—Å—ñ–º –∑–∞—Ö–∏—Å–Ω–∏–∫–∞–º –±–æ–∂–æ—ó –ª–∞—Å–∫–∏ –±–æ–∂–æ–≥–æ –∑–∞—Ö–∏—Å—Ç—É –≤—Å—ñ–º –ª—é–¥—è–º,Not_Toxic,–≤–∞—à –ø—Ä–∞—Ü—è —Å–ª–∞–≤–∞ –£–∫—Ä–∞—ó–Ω–∞ –≥–µ—Ä–æ–π —Å–ª–∞–≤–∞ –±–æ–≥ –±–µ—Ä–µ–≥—Ç–∏ –£–∫—Ä–∞—ó–Ω–∞ –ø–µ—Ä–µ–º–æ–≥–∞ –±–æ–∂–∏–π –ª–∞—Å–∫–∞ –±–æ–∂–∏–π –∑–∞—Ö–∏—Å—Ç –∑–∞—Ö–∏—Å–Ω–∏–∫ –±–æ–∂–∏–π –ª–∞—Å–∫–∞ –±–æ–∂–∏–π –∑–∞—Ö–∏—Å—Ç –ª—é–¥–∏
271,Not_Toxic,"–ó –±–∞–π—Ä–∞–∫—Ç–æ—Ä–∞–º–∏ –æ–±—ñ—Å—Ä–∞–ª–∏—Å—å))))
–¢–µ–ø–µ—Ä –æ–±—ñ—Å—Ä—É—Ç—å –≤—Å—é —É–†–°—Ä–∞—ó–Ω—É))))",Toxic,"–±–∞–π—Ä–∞–∫—Ç–æ—Ä–∞–º–∏ –æ–±—ñ—Å—Ä–∞–ª–∏—Å—å 
—Ç–µ–ø–µ—Ä –æ–±—ñ—Å—Ä—É—Ç—å —É—Ä—Å—Ä–∞—ó–Ω—É"
272,Not_Toxic,–ù–µ —Ö–≤–∞—Ç–∞–µ—Ç –º–∞—Ç–µ–º–∞—Ç–∏–∫–æ–≤. –ù–µ —É–¥–∏–≤–∏—Ç–µ–ª—å–Ω–æ. –ü—Ä–æ—Å—Ç–æ –º–∞—Ç–µ–º–∞—Ç–∏–∫–∏ —É–º–µ—é—Ç —Å—á–∏—Ç–∞—Ç—å.,Not_Toxic,—Ö–≤–∞—Ç–∞–µ—Ç –º–∞—Ç–µ–º–∞—Ç–∏–∫–æ–≤ —É–¥–∏–≤–∏—Ç–µ–ª—å–Ω–æ –º–∞—Ç–µ–º–∞—Ç–∏–∫ —É–º–µ—é—Ç —Å—á–∏—Ç–∞—Ç—å
273,Not_Toxic,"–î—è–∫—É—é –∑–∞ —Ü—ñ–∫–∞–≤–∏–π —Ç–∞ –º–∏–ª–∏–π –∫–æ–Ω—Ç–µ–Ω—Ç! –ù–∞—à—ñ –ª—é–¥–∏ - —Ç–æ–ø, –¥—É–∂–µ –∫—Ä–∞—Å–∏–≤—ñ —É—Å—ñ)",Not_Toxic,—Ü—ñ–∫–∞–≤–∏–π –º–∏–ª–∏–π –∫–æ–Ω—Ç–µ–Ω—Ç –∫—Ä–∞—Å–∏–≤–∏–π
274,Not_Toxic,"–¥—è–∫—É—î–º–æ –∑–∞ —Ä–æ–∑–∫–ª–∞–¥. –û–¥–Ω–µ –ø—Ä–æ—Ö–∞–Ω–Ω—è: –ø–∏—à—ñ—Ç—å –±—É–¥—å –ª–∞—Å–∫–∞ , –∫–æ–ª–∏ –±—É–≤ –∑–Ω—è—Ç–∏–π —Å—é–∂–µ—Ç, —Ä–æ–∑–∫–ª–∞–¥. –©–æ–± –∫—Ä–∞—â–µ –±—É–ª–æ –æ—Ä—ñ—î–Ω—Ç—É–≤–∞—Ç–∏—Å—è—É —á–∞—Å—ñ. –î—è–∫—É—é—é.",Not_Toxic,–¥—è–∫—É–≤–∞—Ç–∏ —Ä–æ–∑–∫–ª–∞–¥ –æ–¥–µ–Ω –ø—Ä–æ—Ö–∞–Ω–Ω—è –ø–∏—Å–∞—Ç–∏ –ª–∞—Å–∫–∞ –∑–Ω—è—Ç–∏–π —Å—é–∂–µ—Ç —Ä–æ–∑–∫–ª–∞–¥ –æ—Ä—ñ—î–Ω—Ç—É–≤–∞—Ç–∏—Å—è—É —á–∞—Å –¥—è–∫—É—é—é
275,Not_Toxic,–±–∞–∂–∞—é —à–≤–∏–¥–∫–æ–≥–æ –ø–æ–≤–µ—Ä–Ω–µ–Ω–Ω—è –∫—Ä–µ–¥–∏—Ç—É . —Ç–≤–æ—á–æ–≥–æ –Ω–∞—Ç—Ö–Ω–µ–Ω–Ω—è —ñ —Ö–æ—Ä–æ—à–∏—Ö –ø—ñ—Å–µ–Ω—å,Not_Toxic,–±–∞–∂–∞—Ç–∏ —à–≤–∏–¥–∫–∏–π –ø–æ–≤–µ—Ä–Ω–µ–Ω–Ω—è –∫—Ä–µ–¥–∏—Ç —Ç–≤–æ—á–æ–≥–æ –Ω–∞—Ç—Ö–Ω–µ–Ω–Ω—è —Ö–æ—Ä–æ—à–∏–π –ø—ñ—Å–Ω—è
276,Not_Toxic,"–ñ–µ—Å—Ç—å, –≤–æ–Ω–∞ –π–æ–º—É —ñ —Å–ª–æ–≤–∞ –Ω–µ –¥–∞—î —Å–∫–∞–∑–∞—Ç–∏",Toxic,–∂–µ—Å—Ç—å —Å–ª–æ–≤–æ
277,Toxic,–ì–æ—Å–ø–æ–¥–∏ –¥–æ–ø–æ–º–æ–∂–∏ –£–∫—Ä–∞—ó–Ω—ñ,Not_Toxic,–≥–æ—Å–ø–æ–¥–∞ –¥–æ–ø–æ–º–æ–≥—Ç–∏ –£–∫—Ä–∞—ó–Ω–∞
278,Not_Toxic,–û–Ω —É–∂–µ –¥–∞–≤–Ω–æ –Ω–µ –ª–µ—á–∏—Ç—Å—è.–æ–≤—Ü–∏ –æ–Ω–∏ –∏ –µ—Å—Ç—å –æ–≤—Ü–∏.,Toxic,–ª–µ—á–∏—Ç—Å—è –æ–≤—Ü–∏ –µ—Å—Ç—å –æ–≤—Ü–∏
279,Not_Toxic,–ù–µ –∑–∞–±—É–≤–∞–π—Ç–µ —â–æ –∫–æ–¥ –£–∫—Ä–∞—ó–Ω–∏ —Ü–µ —ó—ó –º–æ–≤–∞!!!! –ê –≤–∏ —à–∞–Ω–æ–≤–Ω–∏–π –º–∞–≥ –ø—Ä–∞—Ü—é—î—Ç–µ –Ω–∞ –º–æ—Å–∫–æ–≤—ñ,Toxic,–∑–∞–±—É–≤–∞—Ç–∏ –£–∫—Ä–∞—ó–Ω–∞ –º–æ–≤–∞ —à–∞–Ω–æ–≤–Ω–∏–π –ø—Ä–∞—Ü—é–≤–∞—Ç–∏ –º–æ—Å–∫–æ–≤—ñ
280,Not_Toxic,"–∫—Ä–æ—Ç–∏ —Ç–∞ —ñ–Ω—à—ñ –ø–∞–¥–ª—è–∫–∏ –æ–ø—É: –Ñ—Ä–º–∞–∫, –®—É—Ä–º–∞,–ü–ª—ñ—Å,–î–æ–≤–≥–∞–ª—å. –ú–∞—Ñ—ñ—è‚Äì—è–∫ –≤–æ–Ω–∞ –ø—Ä–∞—Ü—é—î. –§—ñ–∫—Ä–µ—Ç –®–∞–±–∞–Ω–æ–≤ –ø—Ä–∞–≤–∏–π-–∑ –Ω–∏–º–∏ —É –Ω–∞—Å –º–∞–π–±—É—Ç–Ω—å–æ–≥–æ –Ω–µ–º–∞ ",Toxic,–∫—Ä–æ—Ç–∏ –ø–∞–¥–ª—è–∫–∏ —î—Ä–º–∞–∫ —à—É—Ä–º–∞ –ø–ª—ñ—Å –¥–æ–≤–≥–∞–ª—å –º–∞—Ñ—ñ—è‚Äì—è–∫ –ø—Ä–∞—Ü—é–≤–∞—Ç–∏ —Ñ—ñ–∫—Ä–µ—Ç —à–∞–±–∞–Ω–æ–≤ –ø—Ä–∞–≤–∏–π –º–∞–π–±—É—Ç–Ω—ñ–π –Ω–µ–º–∞
281,Not_Toxic,"–î—è–∫—É—é –≤–∞–º –≤–µ–ª–∏–∫–µ, —â–æ —Ä–æ–±–∏—Ç–µ —Ç–∞–∫–µ –≤–∞–∂–ª–∏–≤–µ —Ç–∞ –ø–æ—Ç—Ä—ñ–±–Ω–µ —à–æ—É –¥–ª—è —Ä–æ–∑–≤–∏—Ç–∫—É –Ω–∞—à–æ—ó, —É–∫—Ä–∞—ó–Ω—Å—å–∫–æ—ó –∫—É–ª—å—Ç—É—Ä–∏ . –õ—é–±–ª—é –≤–∞—à–µ —à–æ—É, –≤–∏ –Ω–µ–π–º–æ–≤—ñ—Ä–Ω—ñ ",Not_Toxic,–≤–µ–ª–∏–∫–∏–π —Ä–æ–±–∏—Ç–∏ –ø–æ—Ç—Ä—ñ–±–Ω–∏–π —Ä–æ–∑–≤–∏—Ç–æ–∫ –Ω–∞—à —É–∫—Ä–∞—ó–Ω—Å—å–∫–∏–π –∫—É–ª—å—Ç—É—Ä–∞ –ª—é–±–∏—Ç–∏ –Ω–µ–π–º–æ–≤—ñ—Ä–Ω–∏–π
282,Not_Toxic,"–í–æ–ª–æ—Å—Å—è –∫–æ–ª—å–æ—Ä—É ,,–±–æ—Ä—â,, –≤–∂–µ –Ω–µ –≤—Ä–∞–∂–∞–µ",Toxic,–≤–æ–ª–æ—Å—Å—è –∫–æ–ª—ñ—Ä –±–æ—Ä—â –≤—Ä–∞–∂–∞–µ
283,Not_Toxic,–¶–µ –∫—Ä–∞—Å–∞! –Ø–∫—ñ –∂ –º–æ—Å–∫–æ–≤–∏—Ç–∏ –±–µ–∑–º–æ–∑–≥–ª—ñ,Not_Toxic,–∫—Ä–∞—Å–∞ –º–æ—Å–∫–æ–≤–∏—Ç–∏ –±–µ–∑–º–æ–∑–≥–ª—ñ
284,Not_Toxic,"–ú–æ–ª–æ–¥—Ü—ñ. –†–æ–±–∏—Ç–µ –≤–∞–∂–ª–∏–≤—É —Å–ø—Ä–∞–≤—É. –ù–∞—Å—Ç—É–ø–Ω—ñ –ø–æ–∫–æ–ª—ñ–Ω–Ω—è –º–∞—é—Ç—å –¥–∏–≤–∏—Ç–∏—Å—å –Ω–∞ –Ω–∞—à–µ –∑ –∫–≤–∞–¥—Ä–∞—Ç–Ω–∏–º–∏ –æ—á–∏–º–∞ —Ç–∞ –∑–∞–ø–∏—Ç—É–≤–∞—Ç–∏ ""–∞ —á–æ–≥–æ –≤–∏ —É–∫—Ä–∞—ó–Ω—Ü—ñ –≤ –£–∫—Ä–∞—ó–Ω—ñ —Ä–æ–∑–º–æ–≤–ª—è–ª–∏ —Ä–æ—Å—ñ–π—Å—å–∫–æ—é —Ç–∞ –¥–∏–≤–∏–ª–∏—Å—å —Ä–æ—Å—ñ–π—Å—å–∫–µ –Ω–∞–≤—ñ—Ç—å —á–µ—Ä–µ–∑ 30 —Ä–æ–∫—ñ–≤ –ø—ñ—Å–ª—è —Ä–æ–∑–≤–∞–ª—É —Å—Ä—Å—Ä"" ?",Not_Toxic,–º–æ–ª–æ–¥–µ—Ü—å —Ä–æ–±–∏—Ç–∏ –≤–∞–∂–ª–∏–≤–∏–π —Å–ø—Ä–∞–≤–∞ –Ω–∞—Å—Ç—É–ø–Ω–∏–π –ø–æ–∫–æ–ª—ñ–Ω–Ω—è –º–∞—Ç–∏ –¥–∏–≤–∏—Ç–∏—Å—è –∫–≤–∞–¥—Ä–∞—Ç–Ω–∏–π –æ–∫–æ –∑–∞–ø–∏—Ç—É–≤–∞—Ç–∏ —É–∫—Ä–∞—ó–Ω–µ—Ü—å –£–∫—Ä–∞—ó–Ω–∞ —Ä–æ–∑–º–æ–≤–ª—è—Ç–∏ —Ä–æ—Å—ñ–π—Å—å–∫–æ—é –¥–∏–≤–∏—Ç–∏—Å—è —Ä–æ—Å—ñ–π—Å—å–∫–µ —Ä–æ–∑–≤–∞–ª —Å—Ä—Å—Ä
285,Not_Toxic,–î—É–∂–µ –±–∞–≥–∞—Ç–æ —ñ–Ω—Ñ–æ—Ä–º–∞—Ü—ñ—ó —è–∫—É –Ω–µ –ø–æ—Ç—Ä—ñ–±–Ω–æ —Ä–æ–∑–≥–æ–ª–æ—à—É–≤–∞—Ç–∏ –Ω–∞–≤—ñ—Ç—å —è–∫—â–æ —Ü–µ –¥–æ–±—Ä–µ –¥–ª—è –∫–∞–Ω–∞–ª—É.,Toxic,—ñ–Ω—Ñ–æ—Ä–º–∞—Ü—ñ—è —Ä–æ–∑–≥–æ–ª–æ—à—É–≤–∞—Ç–∏ –∫–∞–Ω–∞–ª
286,Not_Toxic,"Super. –î—É–∂–µ —á—É–¥–æ–≤–∏–π –¥—É–µ—Ç.
–î—è–∫—É—é –∑–∞ –≥–∞—Ä–Ω–∏–π –Ω–∞—Å—Ç—Ä—ñ–π.
–°–ª–∞–≤–∞ –ó–°–£",Not_Toxic,"super —á—É–¥–æ–≤–∏–π –¥—É–µ—Ç 
–¥—è–∫—É—é –≥–∞—Ä–Ω–∏–π –Ω–∞—Å—Ç—Ä—ñ–π 
—Å–ª–∞–≤–∞"
287,Not_Toxic,"–ë–µ—Ä–µ–∂–∏ –ë–æ–∂–µ –º–æ–Ω—Ç–∞–∂–µ—Ä–∞, —Ü–µ –ø—Ä–æ—Å—Ç–æ –≤–æ–≥–æ–Ω—å, –æ–±–æ–∂–Ω—é—é –í–∞—Å ",Not_Toxic,–±–µ—Ä–µ–≥—Ç–∏ –±–æ–≥ –º–æ–Ω—Ç–∞–∂–µ—Ä–∞ –≤–æ–≥–æ–Ω—å –æ–±–æ–∂–Ω—é—é
288,Not_Toxic,–î—è–∫—É—é –∑–∞ —Ü–µ –≤—ñ–¥–µ–æ. –í–æ–Ω–æ –Ω–∞–¥–∏—Ö–∞—î –Ω–∞ –¥—ñ—ó ,Not_Toxic,–≤—ñ–¥–µ–æ –Ω–∞–¥–∏—Ö–∞—î
289,Not_Toxic,–î–æ–±—Ä–∏–π –¥–µ–Ω—å! –ß–∏ –Ω–µ–º–∞—î —É –í–∞—Å PayPal –∞–∫–∫–∞—É–Ω—Ç–∞? –ë—É–ª–æ –± –¥—É–∂–µ –∑—Ä—É—á–Ω–æ –∑ –°–®–ê —Å–∫–∏–Ω—É—Ç–∏ –≥—Ä–æ—à—ñ,Not_Toxic,–¥–æ–±—Ä–∏—Ç–∏ paypal –∞–∫–∫–∞—É–Ω—Ç–∞ –∑—Ä—É—á–Ω–æ —Å–∫–∏–Ω—É—Ç–∏ –≥—Ä–æ—à—ñ
290,Not_Toxic,"48:40 —ó–π –ø–æ—Å—Ä–∞—Ç–∏ –Ω–∞ –≤—Å–µ, –æ–∫—Ä—ñ–º —Ç–æ–≥–æ —â–æ —ó–π –Ω–∞–ø–Ü—Å–∏–≤–∞—é—Ç.",Toxic,–ø–æ—Å—Ä–∞—Ç–∏ –æ–∫—Ä—ñ–º –Ω–∞–ø—ñ—Å–∏–≤–∞—é—Ç
